ID1_CITY,year,month,case_c
0101,2016,1,46
0101,2016,2,52
0101,2016,3,65
0101,2016,4,34
0101,2016,5,27
0101,2016,6,28
0101,2016,7,25
0101,2016,8,42
0101,2016,9,25
0101,2016,10,29
0101,2016,11,39
0101,2016,12,33
0101,2017,1,53
0101,2017,2,60
0101,2017,3,53
0101,2017,4,53
0101,2017,5,38
0101,2017,6,33
0101,2017,7,34
0101,2017,8,26
0101,2017,9,25
0101,2017,10,32
0101,2017,11,35
0101,2017,12,38
0101,2018,1,58
0101,2018,2,52
0101,2018,3,68
0101,2018,4,50
0101,2018,5,37
0101,2018,6,41
0101,2018,7,33
0101,2018,8,36
0101,2018,9,25
0101,2018,10,50
0101,2018,11,36
0101,2018,12,42
0101,2019,1,62
0101,2019,2,46
0101,2019,3,47
0101,2019,4,28
0101,2019,5,39
0101,2019,6,37
0101,2019,7,33
0101,2019,8,26
0101,2019,9,24
0101,2019,10,40
0101,2019,11,57
0101,2019,12,52
0102,2016,1,66
0102,2016,2,54
0102,2016,3,74
0102,2016,4,40
0102,2016,5,44
0102,2016,6,41
0102,2016,7,22
0102,2016,8,28
0102,2016,9,25
0102,2016,10,33
0102,2016,11,36
0102,2016,12,58
0102,2017,1,51
0102,2017,2,77
0102,2017,3,58
0102,2017,4,40
0102,2017,5,44
0102,2017,6,30
0102,2017,7,41
0102,2017,8,35
0102,2017,9,29
0102,2017,10,41
0102,2017,11,32
0102,2017,12,62
0102,2018,1,75
0102,2018,2,77
0102,2018,3,78
0102,2018,4,55
0102,2018,5,57
0102,2018,6,47
0102,2018,7,36
0102,2018,8,45
0102,2018,9,41
0102,2018,10,55
0102,2018,11,42
0102,2018,12,62
0102,2019,1,67
0102,2019,2,50
0102,2019,3,47
0102,2019,4,44
0102,2019,5,44
0102,2019,6,36
0102,2019,7,36
0102,2019,8,36
0102,2019,9,38
0102,2019,10,48
0102,2019,11,44
0102,2019,12,53
0109,2016,1,23
0109,2016,2,32
0109,2016,3,34
0109,2016,4,27
0109,2016,5,14
0109,2016,6,11
0109,2016,7,16
0109,2016,8,18
0109,2016,9,14
0109,2016,10,18
0109,2016,11,16
0109,2016,12,36
0109,2017,1,21
0109,2017,2,33
0109,2017,3,31
0109,2017,4,21
0109,2017,5,15
0109,2017,6,15
0109,2017,7,15
0109,2017,8,19
0109,2017,9,13
0109,2017,10,17
0109,2017,11,15
0109,2017,12,23
0109,2018,1,31
0109,2018,2,30
0109,2018,3,39
0109,2018,4,25
0109,2018,5,14
0109,2018,6,4
0109,2018,7,11
0109,2018,8,7
0109,2018,9,17
0109,2018,10,20
0109,2018,11,18
0109,2018,12,18
0109,2019,1,19
0109,2019,2,28
0109,2019,3,31
0109,2019,4,22
0109,2019,5,17
0109,2019,6,15
0109,2019,7,13
0109,2019,8,9
0109,2019,9,6
0109,2019,10,15
0109,2019,11,20
0109,2019,12,30
0110,2016,1,69
0110,2016,2,73
0110,2016,3,93
0110,2016,4,51
0110,2016,5,38
0110,2016,6,55
0110,2016,7,53
0110,2016,8,68
0110,2016,9,38
0110,2016,10,32
0110,2016,11,57
0110,2016,12,64
0110,2017,1,83
0110,2017,2,87
0110,2017,3,82
0110,2017,4,70
0110,2017,5,59
0110,2017,6,41
0110,2017,7,58
0110,2017,8,55
0110,2017,9,47
0110,2017,10,59
0110,2017,11,59
0110,2017,12,104
0110,2018,1,105
0110,2018,2,94
0110,2018,3,107
0110,2018,4,82
0110,2018,5,52
0110,2018,6,52
0110,2018,7,40
0110,2018,8,43
0110,2018,9,52
0110,2018,10,51
0110,2018,11,51
0110,2018,12,78
0110,2019,1,91
0110,2019,2,73
0110,2019,3,98
0110,2019,4,50
0110,2019,5,54
0110,2019,6,47
0110,2019,7,43
0110,2019,8,42
0110,2019,9,45
0110,2019,10,52
0110,2019,11,78
0110,2019,12,88
0111,2016,1,60
0111,2016,2,55
0111,2016,3,75
0111,2016,4,37
0111,2016,5,24
0111,2016,6,37
0111,2016,7,27
0111,2016,8,27
0111,2016,9,25
0111,2016,10,36
0111,2016,11,31
0111,2016,12,63
0111,2017,1,54
0111,2017,2,79
0111,2017,3,58
0111,2017,4,60
0111,2017,5,39
0111,2017,6,28
0111,2017,7,43
0111,2017,8,34
0111,2017,9,37
0111,2017,10,45
0111,2017,11,40
0111,2017,12,62
0111,2018,1,78
0111,2018,2,56
0111,2018,3,86
0111,2018,4,69
0111,2018,5,51
0111,2018,6,44
0111,2018,7,39
0111,2018,8,35
0111,2018,9,35
0111,2018,10,47
0111,2018,11,39
0111,2018,12,40
0111,2019,1,66
0111,2019,2,37
0111,2019,3,57
0111,2019,4,37
0111,2019,5,55
0111,2019,6,35
0111,2019,7,45
0111,2019,8,42
0111,2019,9,36
0111,2019,10,36
0111,2019,11,33
0111,2019,12,69
0112,2016,1,21
0112,2016,2,20
0112,2016,3,27
0112,2016,4,14
0112,2016,5,17
0112,2016,6,10
0112,2016,7,9
0112,2016,8,13
0112,2016,9,11
0112,2016,10,10
0112,2016,11,14
0112,2016,12,20
0112,2017,1,16
0112,2017,2,27
0112,2017,3,24
0112,2017,4,21
0112,2017,5,15
0112,2017,6,22
0112,2017,7,15
0112,2017,8,17
0112,2017,9,12
0112,2017,10,17
0112,2017,11,9
0112,2017,12,34
0112,2018,1,27
0112,2018,2,25
0112,2018,3,39
0112,2018,4,21
0112,2018,5,18
0112,2018,6,14
0112,2018,7,21
0112,2018,9,13
0112,2018,10,13
0112,2018,11,16
0112,2018,12,20
0112,2019,1,33
0112,2019,2,23
0112,2019,3,21
0112,2019,4,22
0112,2019,5,18
0112,2019,6,12
0112,2019,7,20
0112,2019,8,18
0112,2019,9,15
0112,2019,10,26
0112,2019,11,21
0112,2019,12,28
0115,2016,1,25
0115,2016,2,31
0115,2016,3,29
0115,2016,4,13
0115,2016,5,13
0115,2016,6,12
0115,2016,7,12
0115,2016,8,20
0115,2016,9,16
0115,2016,10,10
0115,2016,11,22
0115,2016,12,22
0115,2017,1,29
0115,2017,2,38
0115,2017,3,30
0115,2017,4,17
0115,2017,5,30
0115,2017,6,10
0115,2017,7,16
0115,2017,8,14
0115,2017,9,15
0115,2017,10,15
0115,2017,11,18
0115,2017,12,24
0115,2018,1,24
0115,2018,2,20
0115,2018,3,45
0115,2018,4,21
0115,2018,5,24
0115,2018,6,17
0115,2018,7,14
0115,2018,8,12
0115,2018,9,16
0115,2018,10,16
0115,2018,11,13
0115,2018,12,20
0115,2019,1,29
0115,2019,2,16
0115,2019,3,18
0115,2019,4,18
0115,2019,5,13
0115,2019,6,16
0115,2019,7,11
0115,2019,8,18
0115,2019,9,17
0115,2019,10,7
0115,2019,11,11
0115,2019,12,24
0116,2016,1,18
0116,2016,2,20
0116,2016,3,23
0116,2016,4,15
0116,2016,5,11
0116,2016,6,8
0116,2016,7,8
0116,2016,8,12
0116,2016,9,13
0116,2016,10,12
0116,2016,11,12
0116,2016,12,13
0116,2017,1,14
0116,2017,2,29
0116,2017,3,15
0116,2017,4,13
0116,2017,5,10
0116,2017,6,12
0116,2017,7,12
0116,2017,8,11
0116,2017,9,16
0116,2017,10,13
0116,2017,11,19
0116,2017,12,22
0116,2018,1,40
0116,2018,2,19
0116,2018,3,37
0116,2018,4,19
0116,2018,5,19
0116,2018,6,17
0116,2018,7,24
0116,2018,8,20
0116,2018,9,18
0116,2018,10,12
0116,2018,11,18
0116,2018,12,24
0116,2019,1,19
0116,2019,2,18
0116,2019,3,25
0116,2019,4,13
0116,2019,5,17
0116,2019,6,14
0116,2019,7,18
0116,2019,8,15
0116,2019,9,10
0116,2019,10,19
0116,2019,11,17
0116,2019,12,21
0117,2016,1,43
0117,2016,2,52
0117,2016,3,55
0117,2016,4,32
0117,2016,5,24
0117,2016,6,30
0117,2016,7,14
0117,2016,8,18
0117,2016,9,21
0117,2016,10,31
0117,2016,11,31
0117,2016,12,47
0117,2017,1,36
0117,2017,2,49
0117,2017,3,40
0117,2017,4,37
0117,2017,5,27
0117,2017,6,31
0117,2017,7,28
0117,2017,8,33
0117,2017,9,37
0117,2017,10,24
0117,2017,11,33
0117,2017,12,50
0117,2018,1,54
0117,2018,2,45
0117,2018,3,61
0117,2018,4,48
0117,2018,5,45
0117,2018,6,29
0117,2018,7,37
0117,2018,8,21
0117,2018,9,22
0117,2018,10,40
0117,2018,11,26
0117,2018,12,40
0117,2019,1,52
0117,2019,2,40
0117,2019,3,45
0117,2019,4,34
0117,2019,5,37
0117,2019,6,29
0117,2019,7,17
0117,2019,8,34
0117,2019,9,23
0117,2019,10,25
0117,2019,11,32
0117,2019,12,37
0118,2016,1,65
0118,2016,2,77
0118,2016,3,78
0118,2016,4,39
0118,2016,5,31
0118,2016,6,29
0118,2016,7,26
0118,2016,8,31
0118,2016,9,27
0118,2016,10,26
0118,2016,11,31
0118,2016,12,49
0118,2017,1,53
0118,2017,2,86
0118,2017,3,69
0118,2017,4,53
0118,2017,5,54
0118,2017,6,48
0118,2017,7,50
0118,2017,8,40
0118,2017,9,32
0118,2017,10,42
0118,2017,11,37
0118,2017,12,67
0118,2018,1,70
0118,2018,2,74
0118,2018,3,80
0118,2018,4,51
0118,2018,5,47
0118,2018,6,37
0118,2018,7,42
0118,2018,8,35
0118,2018,9,33
0118,2018,10,42
0118,2018,11,47
0118,2018,12,56
0118,2019,1,75
0118,2019,2,50
0118,2019,3,50
0118,2019,4,37
0118,2019,5,37
0118,2019,6,29
0118,2019,7,34
0118,2019,8,30
0118,2019,9,26
0118,2019,10,42
0118,2019,11,49
0118,2019,12,70
0119,2016,1,25
0119,2016,2,25
0119,2016,3,28
0119,2016,4,16
0119,2016,5,18
0119,2016,6,10
0119,2016,7,15
0119,2016,8,15
0119,2016,9,13
0119,2016,10,6
0119,2016,11,19
0119,2016,12,19
0119,2017,1,20
0119,2017,2,34
0119,2017,3,22
0119,2017,4,12
0119,2017,5,20
0119,2017,6,10
0119,2017,7,17
0119,2017,8,22
0119,2017,9,11
0119,2017,10,7
0119,2017,11,20
0119,2017,12,17
0119,2018,1,36
0119,2018,2,25
0119,2018,3,30
0119,2018,4,23
0119,2018,5,15
0119,2018,6,12
0119,2018,7,11
0119,2018,8,6
0119,2018,9,17
0119,2018,10,24
0119,2018,11,14
0119,2018,12,27
0119,2019,1,24
0119,2019,2,14
0119,2019,3,31
0119,2019,4,17
0119,2019,5,20
0119,2019,6,3
0119,2019,7,8
0119,2019,8,7
0119,2019,9,12
0119,2019,10,23
0119,2019,11,22
0119,2019,12,28
0120,2016,1,18
0120,2016,2,10
0120,2016,3,13
0120,2016,4,8
0120,2016,5,9
0120,2016,6,3
0120,2016,8,10
0120,2016,9,6
0120,2016,10,3
0120,2016,11,6
0120,2016,12,9
0120,2017,1,9
0120,2017,2,17
0120,2017,3,14
0120,2017,4,10
0120,2017,5,6
0120,2017,6,8
0120,2017,7,9
0120,2017,8,11
0120,2017,9,7
0120,2017,10,16
0120,2017,11,9
0120,2017,12,15
0120,2018,1,21
0120,2018,2,16
0120,2018,3,20
0120,2018,4,17
0120,2018,5,13
0120,2018,6,5
0120,2018,7,12
0120,2018,8,4
0120,2018,10,11
0120,2018,11,10
0120,2018,12,5
0120,2019,1,15
0120,2019,2,14
0120,2019,3,12
0120,2019,4,10
0120,2019,5,10
0120,2019,6,7
0120,2019,8,3
0120,2019,9,7
0120,2019,10,9
0120,2019,11,10
0120,2019,12,16
0301,2016,1,24
0301,2016,2,29
0301,2016,3,24
0301,2016,4,25
0301,2016,5,18
0301,2016,6,19
0301,2016,7,18
0301,2016,8,15
0301,2016,9,10
0301,2016,10,8
0301,2016,11,16
0301,2016,12,22
0301,2017,1,22
0301,2017,2,28
0301,2017,3,32
0301,2017,4,25
0301,2017,5,18
0301,2017,6,14
0301,2017,7,24
0301,2017,8,8
0301,2017,9,8
0301,2017,10,22
0301,2017,11,17
0301,2017,12,26
0301,2018,1,33
0301,2018,2,35
0301,2018,3,44
0301,2018,4,24
0301,2018,5,10
0301,2018,6,14
0301,2018,7,20
0301,2018,8,20
0301,2018,9,15
0301,2018,10,25
0301,2018,11,11
0301,2018,12,16
0301,2019,1,28
0301,2019,2,20
0301,2019,3,17
0301,2019,4,19
0301,2019,5,17
0301,2019,6,14
0301,2019,7,14
0301,2019,8,10
0301,2019,9,12
0301,2019,10,10
0301,2019,11,20
0301,2019,12,32
0302,2016,1,3
0302,2016,2,3
0302,2016,5,3
0302,2016,9,3
0302,2016,12,6
0302,2017,3,3
0302,2017,5,4
0302,2017,11,4
0302,2017,12,3
0302,2018,5,3
0302,2018,12,4
0302,2019,1,7
0302,2019,2,3
0302,2019,3,4
0302,2019,4,5
0302,2019,11,3
0303,2016,1,6
0303,2016,2,4
0303,2016,3,4
0303,2016,4,3
0303,2016,5,3
0303,2016,9,4
0303,2016,10,4
0303,2016,11,6
0303,2016,12,4
0303,2017,1,6
0303,2017,2,12
0303,2017,3,12
0303,2017,4,8
0303,2017,5,10
0303,2017,6,5
0303,2017,7,4
0303,2017,8,5
0303,2017,9,5
0303,2017,10,8
0303,2017,11,3
0303,2017,12,9
0303,2018,1,14
0303,2018,2,4
0303,2018,3,9
0303,2018,4,4
0303,2018,5,7
0303,2018,6,3
0303,2018,7,6
0303,2018,10,3
0303,2018,11,7
0303,2018,12,4
0303,2019,1,3
0303,2019,2,5
0303,2019,3,6
0303,2019,4,6
0303,2019,5,4
0303,2019,10,7
0303,2019,11,10
0304,2016,1,10
0304,2016,2,11
0304,2016,3,4
0304,2016,4,6
0304,2016,5,3
0304,2016,7,11
0304,2016,8,3
0304,2016,9,4
0304,2016,10,5
0304,2016,11,3
0304,2016,12,11
0304,2017,1,8
0304,2017,2,9
0304,2017,3,13
0304,2017,4,9
0304,2017,5,6
0304,2017,6,11
0304,2017,9,8
0304,2017,10,3
0304,2017,11,5
0304,2017,12,11
0304,2018,1,15
0304,2018,2,5
0304,2018,3,5
0304,2018,4,5
0304,2018,5,8
0304,2018,7,6
0304,2018,8,3
0304,2018,9,3
0304,2018,10,6
0304,2018,11,6
0304,2018,12,3
0304,2019,1,6
0304,2019,2,7
0304,2019,3,10
0304,2019,4,6
0304,2019,6,4
0304,2019,7,9
0304,2019,8,6
0304,2019,9,5
0304,2019,11,3
0304,2019,12,6
0305,2016,1,5
0305,2016,2,14
0305,2016,3,10
0305,2016,4,3
0305,2016,6,4
0305,2016,7,4
0305,2016,8,9
0305,2016,9,4
0305,2016,11,6
0305,2016,12,7
0305,2017,1,5
0305,2017,2,4
0305,2017,3,11
0305,2017,4,3
0305,2017,5,4
0305,2017,6,3
0305,2017,7,6
0305,2017,9,3
0305,2017,10,7
0305,2017,11,11
0305,2017,12,6
0305,2018,1,5
0305,2018,2,11
0305,2018,3,10
0305,2018,4,6
0305,2018,5,9
0305,2018,6,5
0305,2018,7,4
0305,2018,8,6
0305,2018,10,10
0305,2018,11,3
0305,2018,12,3
0305,2019,1,8
0305,2019,2,4
0305,2019,3,11
0305,2019,4,7
0305,2019,5,9
0305,2019,6,5
0305,2019,7,4
0305,2019,8,3
0305,2019,9,4
0305,2019,11,3
0305,2019,12,9
0306,2016,1,5
0306,2016,2,12
0306,2016,3,8
0306,2016,4,7
0306,2016,5,13
0306,2016,6,4
0306,2016,7,4
0306,2016,8,6
0306,2016,9,9
0306,2016,10,7
0306,2016,11,8
0306,2016,12,7
0306,2017,1,6
0306,2017,2,11
0306,2017,3,5
0306,2017,4,3
0306,2017,5,3
0306,2017,6,3
0306,2017,7,3
0306,2017,9,4
0306,2017,10,3
0306,2017,12,10
0306,2018,1,4
0306,2018,2,11
0306,2018,3,10
0306,2018,4,3
0306,2018,5,8
0306,2018,6,3
0306,2018,8,6
0306,2018,10,4
0306,2018,11,3
0306,2018,12,5
0306,2019,1,8
0306,2019,2,5
0306,2019,5,6
0306,2019,9,6
0306,2019,10,8
0306,2019,12,5
0307,2016,1,5
0307,2016,2,7
0307,2016,3,8
0307,2016,4,4
0307,2016,6,3
0307,2016,8,5
0307,2016,9,4
0307,2016,10,3
0307,2016,11,3
0307,2016,12,9
0307,2017,2,12
0307,2017,4,3
0307,2017,7,3
0307,2017,10,4
0307,2017,11,3
0307,2017,12,8
0307,2018,2,3
0307,2018,3,3
0307,2018,4,9
0307,2018,6,4
0307,2018,9,4
0307,2018,10,4
0307,2019,2,4
0307,2019,8,5
0307,2019,10,3
0307,2019,12,4
0308,2016,1,12
0308,2016,2,7
0308,2016,3,10
0308,2016,4,3
0308,2016,5,3
0308,2016,6,5
0308,2016,7,3
0308,2016,8,3
0308,2016,9,4
0308,2016,10,3
0308,2016,11,8
0308,2016,12,4
0308,2017,1,7
0308,2017,2,15
0308,2017,3,10
0308,2017,4,5
0308,2017,6,6
0308,2017,7,5
0308,2017,8,4
0308,2017,9,3
0308,2017,10,3
0308,2017,11,5
0308,2017,12,5
0308,2018,1,10
0308,2018,2,13
0308,2018,3,6
0308,2018,4,11
0308,2018,5,6
0308,2018,6,8
0308,2018,7,5
0308,2018,8,5
0308,2018,9,7
0308,2018,10,8
0308,2018,11,3
0308,2018,12,9
0308,2019,1,7
0308,2019,2,13
0308,2019,3,6
0308,2019,4,11
0308,2019,5,9
0308,2019,6,3
0308,2019,8,4
0308,2019,9,4
0308,2019,10,8
0308,2019,11,8
0308,2019,12,12
0309,2016,1,16
0309,2016,2,22
0309,2016,3,16
0309,2016,4,12
0309,2016,5,12
0309,2016,6,10
0309,2016,7,6
0309,2016,8,12
0309,2016,9,19
0309,2016,10,12
0309,2016,11,9
0309,2016,12,13
0309,2017,1,18
0309,2017,2,14
0309,2017,3,20
0309,2017,4,15
0309,2017,5,3
0309,2017,6,11
0309,2017,7,11
0309,2017,8,15
0309,2017,9,7
0309,2017,10,19
0309,2017,11,12
0309,2017,12,23
0309,2018,1,22
0309,2018,2,24
0309,2018,3,21
0309,2018,4,18
0309,2018,6,8
0309,2018,7,6
0309,2018,8,7
0309,2018,9,6
0309,2018,10,16
0309,2018,11,10
0309,2018,12,7
0309,2019,1,18
0309,2019,2,18
0309,2019,3,21
0309,2019,4,21
0309,2019,5,13
0309,2019,6,15
0309,2019,7,19
0309,2019,8,18
0309,2019,9,11
0309,2019,10,14
0309,2019,11,16
0309,2019,12,22
0310,2016,1,13
0310,2016,2,6
0310,2016,3,13
0310,2016,4,3
0310,2016,5,4
0310,2016,6,7
0310,2016,7,6
0310,2016,8,4
0310,2016,9,6
0310,2016,10,8
0310,2016,11,4
0310,2016,12,11
0310,2017,1,12
0310,2017,2,7
0310,2017,3,8
0310,2017,4,11
0310,2017,5,6
0310,2017,6,3
0310,2017,7,3
0310,2017,8,6
0310,2017,9,8
0310,2017,10,7
0310,2017,11,10
0310,2017,12,12
0310,2018,1,19
0310,2018,2,12
0310,2018,3,13
0310,2018,4,7
0310,2018,5,9
0310,2018,6,8
0310,2018,7,8
0310,2018,8,7
0310,2018,10,6
0310,2018,11,7
0310,2018,12,8
0310,2019,1,13
0310,2019,2,10
0310,2019,3,10
0310,2019,4,4
0310,2019,5,7
0310,2019,6,5
0310,2019,7,6
0310,2019,8,9
0310,2019,9,7
0310,2019,10,3
0310,2019,11,9
0310,2019,12,8
0311,2016,1,3
0311,2017,4,4
0311,2018,3,3
0311,2019,2,3
0311,2019,5,3
0312,2018,3,3
0313,2017,6,3
0313,2017,9,3
0313,2018,3,3
0313,2019,7,4
0314,2016,1,3
0315,2016,1,6
0315,2016,2,13
0315,2016,3,11
0315,2016,4,3
0315,2016,5,4
0315,2016,6,3
0315,2016,7,9
0315,2016,9,8
0315,2016,10,4
0315,2016,11,4
0315,2016,12,7
0315,2017,1,5
0315,2017,2,6
0315,2017,3,9
0315,2017,4,12
0315,2017,5,12
0315,2017,7,4
0315,2017,8,12
0315,2017,10,6
0315,2017,11,7
0315,2017,12,5
0315,2018,1,7
0315,2018,2,13
0315,2018,3,8
0315,2018,4,8
0315,2018,5,6
0315,2018,7,3
0315,2018,8,4
0315,2018,10,3
0315,2018,11,4
0315,2018,12,8
0315,2019,1,13
0315,2019,2,3
0315,2019,3,11
0315,2019,4,3
0315,2019,6,8
0315,2019,7,4
0315,2019,9,5
0315,2019,10,4
0315,2019,11,3
0315,2019,12,12
0316,2016,1,7
0316,2016,2,8
0316,2016,3,8
0316,2016,10,4
0316,2016,12,4
0316,2017,1,8
0316,2017,2,3
0316,2017,3,10
0316,2017,4,7
0316,2017,5,3
0316,2017,7,4
0316,2017,8,3
0316,2017,10,3
0316,2017,11,3
0316,2017,12,5
0316,2018,1,9
0316,2018,2,7
0316,2018,3,7
0316,2018,4,6
0316,2018,6,4
0316,2018,8,7
0316,2018,9,3
0316,2018,10,3
0316,2019,1,3
0316,2019,2,3
0316,2019,3,4
0316,2019,4,3
0316,2019,5,6
0316,2019,7,3
0316,2019,9,5
0316,2019,10,3
0316,2019,11,7
0316,2019,12,11
0317,2016,2,5
0317,2016,3,6
0317,2016,4,3
0317,2016,9,4
0317,2016,12,3
0317,2017,1,3
0317,2017,2,4
0317,2017,3,8
0317,2017,4,5
0317,2017,7,3
0317,2017,8,3
0317,2018,1,6
0317,2018,2,7
0317,2018,3,5
0317,2018,8,3
0317,2018,12,3
0317,2019,1,5
0317,2019,2,3
0317,2019,3,6
0317,2019,10,3
0318,2016,1,4
0318,2016,2,7
0318,2016,3,8
0318,2016,4,7
0318,2016,5,4
0318,2016,6,6
0318,2016,7,3
0318,2016,8,8
0318,2016,11,4
0318,2016,12,11
0318,2017,1,9
0318,2017,2,9
0318,2017,3,7
0318,2017,5,3
0318,2017,7,3
0318,2017,8,5
0318,2017,10,7
0318,2017,11,3
0318,2017,12,3
0318,2018,1,9
0318,2018,2,8
0318,2018,3,10
0318,2018,4,8
0318,2018,5,6
0318,2018,6,3
0318,2018,7,7
0318,2018,8,4
0318,2018,9,4
0318,2018,10,3
0318,2018,11,7
0318,2018,12,4
0318,2019,1,6
0318,2019,2,4
0318,2019,3,3
0318,2019,4,3
0318,2019,6,3
0318,2019,7,6
0318,2019,9,3
0318,2019,10,4
0318,2019,11,5
0318,2019,12,5
0319,2016,1,18
0319,2016,2,17
0319,2016,3,24
0319,2016,4,13
0319,2016,5,11
0319,2016,6,8
0319,2016,7,4
0319,2016,8,6
0319,2016,9,10
0319,2016,10,6
0319,2016,11,4
0319,2016,12,3
0319,2017,1,13
0319,2017,2,18
0319,2017,3,19
0319,2017,4,17
0319,2017,5,12
0319,2017,6,10
0319,2017,7,7
0319,2017,8,12
0319,2017,9,11
0319,2017,10,8
0319,2017,11,19
0319,2017,12,19
0319,2018,1,24
0319,2018,2,26
0319,2018,3,22
0319,2018,4,15
0319,2018,5,14
0319,2018,6,11
0319,2018,7,9
0319,2018,8,9
0319,2018,9,12
0319,2018,10,18
0319,2018,11,17
0319,2018,12,21
0319,2019,1,17
0319,2019,2,11
0319,2019,3,14
0319,2019,4,12
0319,2019,5,11
0319,2019,6,10
0319,2019,7,11
0319,2019,8,8
0319,2019,9,8
0319,2019,10,19
0319,2019,11,13
0319,2019,12,19
0320,2016,1,19
0320,2016,2,23
0320,2016,3,25
0320,2016,4,10
0320,2016,5,8
0320,2016,6,10
0320,2016,7,13
0320,2016,8,8
0320,2016,9,9
0320,2016,10,3
0320,2016,11,12
0320,2016,12,15
0320,2017,1,18
0320,2017,2,16
0320,2017,3,10
0320,2017,4,20
0320,2017,5,6
0320,2017,6,11
0320,2017,7,6
0320,2017,8,15
0320,2017,9,3
0320,2017,10,16
0320,2017,11,10
0320,2017,12,22
0320,2018,1,9
0320,2018,2,18
0320,2018,3,26
0320,2018,4,9
0320,2018,5,17
0320,2018,6,11
0320,2018,7,8
0320,2018,8,5
0320,2018,9,9
0320,2018,10,18
0320,2018,11,17
0320,2018,12,10
0320,2019,1,21
0320,2019,2,18
0320,2019,3,16
0320,2019,4,14
0320,2019,5,12
0320,2019,6,9
0320,2019,7,11
0320,2019,8,13
0320,2019,9,16
0320,2019,10,12
0320,2019,11,17
0320,2019,12,16
0322,2016,1,16
0322,2016,2,15
0322,2016,3,14
0322,2016,4,6
0322,2016,6,4
0322,2016,7,5
0322,2016,8,3
0322,2016,10,3
0322,2016,11,7
0322,2016,12,12
0322,2017,1,6
0322,2017,2,12
0322,2017,3,4
0322,2017,4,13
0322,2017,5,9
0322,2017,7,8
0322,2017,8,4
0322,2017,9,6
0322,2017,10,6
0322,2017,11,5
0322,2017,12,9
0322,2018,1,10
0322,2018,2,8
0322,2018,3,9
0322,2018,4,13
0322,2018,5,8
0322,2018,6,3
0322,2018,7,8
0322,2018,8,10
0322,2018,9,8
0322,2018,10,3
0322,2018,11,3
0322,2018,12,12
0322,2019,1,8
0322,2019,2,3
0322,2019,3,10
0322,2019,4,10
0322,2019,5,3
0322,2019,7,4
0322,2019,9,4
0322,2019,10,8
0322,2019,11,4
0322,2019,12,18
0323,2016,1,3
0323,2016,2,7
0323,2016,3,10
0323,2016,4,6
0323,2016,5,3
0323,2016,6,3
0323,2016,7,6
0323,2016,8,5
0323,2016,9,7
0323,2016,10,3
0323,2016,11,10
0323,2016,12,6
0323,2017,1,10
0323,2017,2,8
0323,2017,3,8
0323,2017,4,9
0323,2017,5,4
0323,2017,6,8
0323,2017,7,4
0323,2017,8,6
0323,2017,9,6
0323,2017,10,8
0323,2017,12,10
0323,2018,1,13
0323,2018,4,13
0323,2018,5,4
0323,2018,6,4
0323,2018,7,3
0323,2018,8,5
0323,2018,11,4
0323,2018,12,7
0323,2019,1,7
0323,2019,2,5
0323,2019,4,6
0323,2019,5,3
0323,2019,6,3
0323,2019,8,3
0323,2019,10,6
0323,2019,12,3
0324,2016,1,22
0324,2016,2,44
0324,2016,3,27
0324,2016,4,13
0324,2016,5,8
0324,2016,6,12
0324,2016,7,16
0324,2016,8,16
0324,2016,9,17
0324,2016,10,15
0324,2016,11,15
0324,2016,12,21
0324,2017,1,26
0324,2017,2,37
0324,2017,3,28
0324,2017,4,28
0324,2017,5,23
0324,2017,6,16
0324,2017,7,15
0324,2017,8,17
0324,2017,9,14
0324,2017,10,20
0324,2017,11,22
0324,2017,12,20
0324,2018,1,25
0324,2018,2,25
0324,2018,3,36
0324,2018,4,25
0324,2018,5,16
0324,2018,6,10
0324,2018,7,12
0324,2018,8,9
0324,2018,9,12
0324,2018,10,19
0324,2018,11,19
0324,2018,12,31
0324,2019,1,25
0324,2019,2,25
0324,2019,3,13
0324,2019,4,15
0324,2019,5,10
0324,2019,6,14
0324,2019,7,21
0324,2019,8,16
0324,2019,9,14
0324,2019,10,15
0324,2019,11,19
0324,2019,12,17
0325,2016,1,8
0325,2016,2,11
0325,2016,3,10
0325,2016,4,8
0325,2016,5,9
0325,2016,6,8
0325,2016,8,6
0325,2016,9,5
0325,2016,10,4
0325,2016,11,6
0325,2016,12,8
0325,2017,1,4
0325,2017,2,14
0325,2017,3,19
0325,2017,4,4
0325,2017,5,8
0325,2017,6,3
0325,2017,7,3
0325,2017,8,8
0325,2017,9,3
0325,2017,10,7
0325,2017,12,14
0325,2018,1,11
0325,2018,2,21
0325,2018,3,12
0325,2018,4,3
0325,2018,5,8
0325,2018,6,3
0325,2018,7,4
0325,2018,9,8
0325,2018,10,3
0325,2018,11,10
0325,2018,12,9
0325,2019,1,10
0325,2019,2,13
0325,2019,3,8
0325,2019,4,9
0325,2019,5,10
0325,2019,6,10
0325,2019,7,5
0325,2019,9,7
0325,2019,10,8
0325,2019,11,5
0325,2019,12,11
0326,2016,1,22
0326,2016,2,29
0326,2016,3,34
0326,2016,4,19
0326,2016,5,17
0326,2016,6,14
0326,2016,7,18
0326,2016,8,15
0326,2016,9,11
0326,2016,10,11
0326,2016,11,7
0326,2016,12,24
0326,2017,1,25
0326,2017,2,26
0326,2017,3,25
0326,2017,4,36
0326,2017,5,18
0326,2017,6,10
0326,2017,7,13
0326,2017,8,13
0326,2017,9,14
0326,2017,10,18
0326,2017,11,19
0326,2017,12,31
0326,2018,1,34
0326,2018,2,40
0326,2018,3,37
0326,2018,4,28
0326,2018,5,22
0326,2018,6,20
0326,2018,7,21
0326,2018,8,19
0326,2018,9,7
0326,2018,10,20
0326,2018,11,12
0326,2018,12,22
0326,2019,1,32
0326,2019,2,24
0326,2019,3,20
0326,2019,4,20
0326,2019,5,15
0326,2019,6,13
0326,2019,7,15
0326,2019,8,16
0326,2019,9,12
0326,2019,10,19
0326,2019,11,26
0326,2019,12,25
0327,2016,1,24
0327,2016,2,24
0327,2016,3,60
0327,2016,4,16
0327,2016,5,13
0327,2016,6,22
0327,2016,7,32
0327,2016,8,17
0327,2016,9,20
0327,2016,10,22
0327,2016,11,18
0327,2016,12,31
0327,2017,1,26
0327,2017,2,47
0327,2017,3,30
0327,2017,4,23
0327,2017,5,22
0327,2017,6,20
0327,2017,7,18
0327,2017,8,17
0327,2017,9,21
0327,2017,10,27
0327,2017,11,25
0327,2017,12,31
0327,2018,1,36
0327,2018,2,42
0327,2018,3,51
0327,2018,4,37
0327,2018,5,25
0327,2018,6,19
0327,2018,7,21
0327,2018,8,17
0327,2018,9,29
0327,2018,10,33
0327,2018,11,28
0327,2018,12,32
0327,2019,1,33
0327,2019,2,32
0327,2019,3,36
0327,2019,4,32
0327,2019,5,26
0327,2019,6,15
0327,2019,7,19
0327,2019,8,18
0327,2019,9,17
0327,2019,10,31
0327,2019,11,26
0327,2019,12,45
0328,2016,1,22
0328,2016,2,27
0328,2016,3,23
0328,2016,4,27
0328,2016,5,19
0328,2016,6,12
0328,2016,7,3
0328,2016,8,17
0328,2016,9,12
0328,2016,10,17
0328,2016,11,19
0328,2016,12,15
0328,2017,1,21
0328,2017,2,15
0328,2017,3,34
0328,2017,4,26
0328,2017,5,16
0328,2017,6,9
0328,2017,7,12
0328,2017,8,18
0328,2017,9,10
0328,2017,10,23
0328,2017,11,12
0328,2017,12,22
0328,2018,1,31
0328,2018,2,27
0328,2018,3,33
0328,2018,4,32
0328,2018,5,18
0328,2018,6,9
0328,2018,7,17
0328,2018,8,17
0328,2018,9,13
0328,2018,10,18
0328,2018,11,21
0328,2018,12,25
0328,2019,1,27
0328,2019,2,22
0328,2019,3,18
0328,2019,4,27
0328,2019,5,13
0328,2019,6,21
0328,2019,7,16
0328,2019,8,18
0328,2019,9,18
0328,2019,10,20
0328,2019,11,28
0328,2019,12,34
0329,2016,1,18
0329,2016,2,29
0329,2016,3,28
0329,2016,4,12
0329,2016,5,18
0329,2016,6,17
0329,2016,7,16
0329,2016,8,7
0329,2016,9,11
0329,2016,10,11
0329,2016,11,10
0329,2016,12,17
0329,2017,1,21
0329,2017,2,26
0329,2017,3,18
0329,2017,4,14
0329,2017,5,18
0329,2017,6,12
0329,2017,7,10
0329,2017,8,9
0329,2017,9,8
0329,2017,10,15
0329,2017,11,16
0329,2017,12,25
0329,2018,1,24
0329,2018,2,35
0329,2018,3,29
0329,2018,4,26
0329,2018,5,17
0329,2018,6,11
0329,2018,7,14
0329,2018,8,15
0329,2018,9,11
0329,2018,10,19
0329,2018,11,13
0329,2018,12,24
0329,2019,1,28
0329,2019,2,18
0329,2019,3,16
0329,2019,4,14
0329,2019,5,18
0329,2019,6,12
0329,2019,7,9
0329,2019,8,17
0329,2019,9,9
0329,2019,10,16
0329,2019,11,20
0329,2019,12,19
0501,2016,1,14
0501,2016,2,27
0501,2016,3,18
0501,2016,4,7
0501,2016,5,7
0501,2016,6,9
0501,2016,7,4
0501,2016,8,10
0501,2016,9,4
0501,2016,10,7
0501,2016,11,9
0501,2016,12,12
0501,2017,1,13
0501,2017,2,13
0501,2017,3,19
0501,2017,4,8
0501,2017,5,3
0501,2017,6,3
0501,2017,7,9
0501,2017,8,9
0501,2017,9,6
0501,2017,10,6
0501,2017,11,11
0501,2017,12,15
0501,2018,1,22
0501,2018,2,13
0501,2018,3,19
0501,2018,4,12
0501,2018,5,12
0501,2018,6,10
0501,2018,7,12
0501,2018,8,10
0501,2018,9,4
0501,2018,10,13
0501,2018,11,14
0501,2018,12,12
0501,2019,1,11
0501,2019,2,9
0501,2019,3,13
0501,2019,4,10
0501,2019,5,11
0501,2019,6,4
0501,2019,7,5
0501,2019,8,8
0501,2019,9,11
0501,2019,10,8
0501,2019,11,12
0501,2019,12,19
0502,2016,2,4
0502,2018,4,3
0503,2019,2,3
0504,2016,1,8
0504,2016,2,7
0504,2016,3,3
0504,2016,12,4
0504,2017,1,3
0504,2017,2,3
0504,2017,3,3
0504,2017,5,4
0504,2017,8,4
0504,2018,1,3
0504,2018,2,6
0504,2018,3,4
0504,2018,4,3
0504,2019,2,3
0504,2019,12,3
0505,2016,1,18
0505,2016,2,28
0505,2016,3,18
0505,2016,4,7
0505,2016,5,8
0505,2016,6,7
0505,2016,7,7
0505,2016,8,8
0505,2016,9,4
0505,2016,10,7
0505,2016,11,8
0505,2016,12,21
0505,2017,1,16
0505,2017,2,16
0505,2017,3,18
0505,2017,4,4
0505,2017,5,5
0505,2017,6,10
0505,2017,7,9
0505,2017,8,3
0505,2017,9,9
0505,2017,10,9
0505,2017,11,9
0505,2017,12,13
0505,2018,1,10
0505,2018,2,9
0505,2018,3,25
0505,2018,4,17
0505,2018,5,9
0505,2018,6,3
0505,2018,7,4
0505,2018,9,3
0505,2018,10,9
0505,2018,11,10
0505,2018,12,10
0505,2019,1,15
0505,2019,2,9
0505,2019,3,6
0505,2019,5,6
0505,2019,7,4
0505,2019,8,9
0505,2019,9,14
0505,2019,10,8
0505,2019,11,9
0505,2019,12,11
0506,2016,3,5
0506,2016,9,3
0506,2017,1,3
0506,2017,2,3
0506,2017,11,3
0506,2017,12,4
0506,2018,1,4
0506,2019,2,4
0506,2019,3,3
0506,2019,10,3
0506,2019,12,4
0507,2016,1,8
0507,2016,2,12
0507,2016,3,4
0507,2016,4,6
0507,2016,12,6
0507,2017,1,15
0507,2017,2,20
0507,2017,3,12
0507,2017,4,13
0507,2017,5,10
0507,2017,6,9
0507,2017,7,20
0507,2017,8,7
0507,2017,9,13
0507,2017,10,10
0507,2017,11,8
0507,2017,12,17
0507,2018,1,18
0507,2018,2,9
0507,2018,3,19
0507,2018,4,15
0507,2018,5,19
0507,2018,6,16
0507,2018,7,16
0507,2018,8,12
0507,2018,9,9
0507,2018,10,9
0507,2018,11,7
0507,2018,12,11
0507,2019,1,12
0507,2019,2,11
0507,2019,3,11
0507,2019,4,9
0507,2019,5,8
0507,2019,6,4
0507,2019,7,10
0507,2019,8,14
0507,2019,9,9
0507,2019,10,15
0507,2019,11,12
0507,2019,12,15
0508,2017,7,4
0509,2016,3,3
0509,2018,1,3
0509,2018,2,3
0510,2016,2,4
0511,2018,6,3
0511,2018,8,3
0511,2018,12,3
0514,2016,1,3
0514,2016,2,5
0514,2018,4,6
0514,2019,1,3
0514,2019,2,3
0514,2019,6,3
0514,2019,11,3
0514,2019,12,3
0516,2016,3,3
0516,2018,3,9
0516,2018,12,3
0516,2019,7,3
0520,2016,1,15
0520,2016,2,10
0520,2016,3,21
0520,2016,4,15
0520,2016,5,8
0520,2016,6,12
0520,2016,7,10
0520,2016,8,4
0520,2016,9,18
0520,2016,10,13
0520,2016,11,11
0520,2016,12,14
0520,2017,1,8
0520,2017,2,13
0520,2017,3,10
0520,2017,4,8
0520,2017,5,6
0520,2017,7,4
0520,2017,9,9
0520,2017,10,4
0520,2017,11,3
0520,2017,12,3
0520,2018,1,14
0520,2018,2,6
0520,2018,3,11
0520,2018,4,3
0520,2018,5,4
0520,2018,6,6
0520,2018,7,6
0520,2018,8,3
0520,2018,9,3
0520,2018,11,3
0520,2018,12,9
0520,2019,1,4
0520,2019,2,7
0520,2019,3,7
0520,2019,4,13
0520,2019,7,3
0520,2019,9,3
0520,2019,10,5
0520,2019,11,9
0520,2019,12,8
0521,2016,1,10
0521,2016,2,18
0521,2016,3,9
0521,2016,4,5
0521,2016,5,10
0521,2016,6,3
0521,2016,7,3
0521,2016,8,14
0521,2016,9,8
0521,2016,10,3
0521,2016,11,4
0521,2016,12,13
0521,2017,1,9
0521,2017,2,7
0521,2017,3,14
0521,2017,4,12
0521,2017,5,12
0521,2017,6,5
0521,2017,7,9
0521,2017,8,5
0521,2017,9,4
0521,2017,10,8
0521,2017,11,3
0521,2017,12,9
0521,2018,1,13
0521,2018,2,12
0521,2018,3,11
0521,2018,4,12
0521,2018,5,10
0521,2018,6,10
0521,2018,7,6
0521,2018,8,6
0521,2018,9,8
0521,2018,11,10
0521,2018,12,7
0521,2019,1,7
0521,2019,2,12
0521,2019,3,7
0521,2019,4,3
0521,2019,5,7
0521,2019,6,6
0521,2019,7,7
0521,2019,8,7
0521,2019,10,13
0521,2019,11,10
0521,2019,12,12
0522,2018,12,3
0527,2016,1,11
0527,2016,2,13
0527,2016,3,15
0527,2016,4,8
0527,2016,5,3
0527,2016,6,9
0527,2016,7,12
0527,2016,8,6
0527,2016,9,11
0527,2016,11,5
0527,2016,12,13
0527,2017,1,4
0527,2017,2,14
0527,2017,3,16
0527,2017,4,17
0527,2017,6,3
0527,2017,7,6
0527,2017,8,7
0527,2017,9,4
0527,2017,10,10
0527,2017,11,10
0527,2017,12,23
0527,2018,1,10
0527,2018,2,10
0527,2018,3,18
0527,2018,4,12
0527,2018,5,12
0527,2018,6,3
0527,2018,7,3
0527,2018,8,4
0527,2018,9,6
0527,2018,10,3
0527,2018,11,13
0527,2018,12,8
0527,2019,2,6
0527,2019,3,14
0527,2019,4,5
0527,2019,5,5
0527,2019,6,7
0527,2019,7,8
0527,2019,8,4
0527,2019,9,11
0527,2019,10,3
0527,2019,11,6
0527,2019,12,14
0528,2016,1,8
0528,2016,2,16
0528,2016,3,21
0528,2016,4,14
0528,2016,5,5
0528,2016,6,3
0528,2016,7,3
0528,2016,8,8
0528,2016,9,7
0528,2016,10,4
0528,2016,11,5
0528,2016,12,3
0528,2017,1,7
0528,2017,2,10
0528,2017,3,7
0528,2017,4,3
0528,2017,5,3
0528,2017,6,5
0528,2017,7,10
0528,2017,8,5
0528,2017,9,3
0528,2017,10,11
0528,2017,11,15
0528,2017,12,15
0528,2018,1,14
0528,2018,2,12
0528,2018,3,17
0528,2018,4,7
0528,2018,6,3
0528,2018,8,4
0528,2018,9,4
0528,2018,10,10
0528,2018,12,10
0528,2019,1,5
0528,2019,3,9
0528,2019,4,11
0528,2019,5,3
0528,2019,6,3
0528,2019,7,8
0528,2019,8,11
0528,2019,9,13
0528,2019,10,10
0528,2019,11,11
0528,2019,12,20
0529,2016,2,4
0529,2016,3,9
0529,2016,4,3
0529,2016,10,3
0529,2016,11,7
0529,2016,12,4
0529,2017,1,6
0529,2017,3,5
0529,2017,5,5
0529,2017,7,4
0529,2017,8,7
0529,2017,10,3
0529,2017,11,3
0529,2017,12,11
0529,2018,1,7
0529,2018,2,9
0529,2018,3,6
0529,2018,4,4
0529,2018,6,3
0529,2019,2,3
0529,2019,3,3
0529,2019,10,3
0529,2019,11,3
0529,2019,12,9
0531,2016,1,43
0531,2016,2,59
0531,2016,3,55
0531,2016,4,36
0531,2016,5,17
0531,2016,6,16
0531,2016,7,18
0531,2016,8,23
0531,2016,9,21
0531,2016,10,26
0531,2016,11,22
0531,2016,12,33
0531,2017,1,44
0531,2017,2,47
0531,2017,3,41
0531,2017,4,24
0531,2017,5,29
0531,2017,6,26
0531,2017,7,27
0531,2017,8,22
0531,2017,9,22
0531,2017,10,25
0531,2017,11,26
0531,2017,12,41
0531,2018,1,50
0531,2018,2,47
0531,2018,3,55
0531,2018,4,40
0531,2018,5,29
0531,2018,6,25
0531,2018,7,27
0531,2018,8,25
0531,2018,9,30
0531,2018,10,35
0531,2018,11,16
0531,2018,12,36
0531,2019,1,40
0531,2019,2,32
0531,2019,3,37
0531,2019,4,21
0531,2019,5,21
0531,2019,6,26
0531,2019,7,23
0531,2019,8,24
0531,2019,9,29
0531,2019,10,30
0531,2019,11,30
0531,2019,12,43
0532,2016,1,23
0532,2016,2,29
0532,2016,3,34
0532,2016,4,22
0532,2016,5,11
0532,2016,6,16
0532,2016,7,7
0532,2016,8,16
0532,2016,9,11
0532,2016,10,9
0532,2016,11,14
0532,2016,12,17
0532,2017,1,21
0532,2017,2,23
0532,2017,3,16
0532,2017,4,26
0532,2017,5,20
0532,2017,6,21
0532,2017,7,14
0532,2017,8,15
0532,2017,9,15
0532,2017,10,15
0532,2017,11,15
0532,2017,12,35
0532,2018,1,21
0532,2018,2,31
0532,2018,3,31
0532,2018,4,26
0532,2018,5,22
0532,2018,6,12
0532,2018,7,16
0532,2018,8,14
0532,2018,9,17
0532,2018,10,12
0532,2018,11,14
0532,2018,12,18
0532,2019,1,23
0532,2019,2,15
0532,2019,3,13
0532,2019,4,6
0532,2019,5,13
0532,2019,6,7
0532,2019,7,9
0532,2019,8,16
0532,2019,9,18
0532,2019,10,15
0532,2019,11,21
0532,2019,12,26
0533,2016,1,16
0533,2016,2,16
0533,2016,3,11
0533,2016,4,14
0533,2016,5,8
0533,2016,6,9
0533,2016,7,4
0533,2016,8,13
0533,2016,9,3
0533,2016,10,11
0533,2016,11,12
0533,2016,12,15
0533,2017,1,21
0533,2017,2,17
0533,2017,3,18
0533,2017,4,16
0533,2017,5,5
0533,2017,6,7
0533,2017,7,11
0533,2017,8,12
0533,2017,9,11
0533,2017,10,19
0533,2017,11,5
0533,2017,12,25
0533,2018,1,20
0533,2018,2,24
0533,2018,3,30
0533,2018,4,19
0533,2018,5,9
0533,2018,6,8
0533,2018,7,8
0533,2018,8,10
0533,2018,9,7
0533,2018,10,9
0533,2018,11,13
0533,2018,12,20
0533,2019,1,10
0533,2019,2,18
0533,2019,3,8
0533,2019,4,12
0533,2019,5,11
0533,2019,6,3
0533,2019,7,4
0533,2019,8,8
0533,2019,9,10
0533,2019,10,10
0533,2019,11,13
0533,2019,12,17
0534,2016,1,28
0534,2016,2,37
0534,2016,3,31
0534,2016,4,26
0534,2016,5,24
0534,2016,6,18
0534,2016,7,20
0534,2016,8,18
0534,2016,9,25
0534,2016,10,22
0534,2016,11,27
0534,2016,12,22
0534,2017,1,36
0534,2017,2,40
0534,2017,3,34
0534,2017,4,24
0534,2017,5,30
0534,2017,6,24
0534,2017,7,23
0534,2017,8,17
0534,2017,9,18
0534,2017,10,23
0534,2017,11,32
0534,2017,12,27
0534,2018,1,38
0534,2018,2,38
0534,2018,3,44
0534,2018,4,42
0534,2018,5,26
0534,2018,6,27
0534,2018,7,13
0534,2018,8,16
0534,2018,9,13
0534,2018,10,24
0534,2018,11,21
0534,2018,12,24
0534,2019,1,36
0534,2019,2,27
0534,2019,3,27
0534,2019,4,18
0534,2019,5,14
0534,2019,6,24
0534,2019,7,24
0534,2019,8,22
0534,2019,9,24
0534,2019,10,29
0534,2019,11,35
0534,2019,12,29
0535,2016,1,18
0535,2016,2,29
0535,2016,3,26
0535,2016,4,31
0535,2016,5,17
0535,2016,6,12
0535,2016,7,7
0535,2016,8,14
0535,2016,9,7
0535,2016,10,10
0535,2016,11,14
0535,2016,12,20
0535,2017,1,24
0535,2017,2,36
0535,2017,3,29
0535,2017,4,16
0535,2017,5,20
0535,2017,6,15
0535,2017,7,8
0535,2017,8,11
0535,2017,9,9
0535,2017,10,21
0535,2017,11,17
0535,2017,12,25
0535,2018,1,30
0535,2018,2,17
0535,2018,3,25
0535,2018,4,22
0535,2018,5,11
0535,2018,6,6
0535,2018,7,15
0535,2018,8,15
0535,2018,9,10
0535,2018,10,11
0535,2018,11,15
0535,2018,12,25
0535,2019,1,21
0535,2019,2,11
0535,2019,3,14
0535,2019,4,12
0535,2019,5,18
0535,2019,6,12
0535,2019,7,11
0535,2019,8,11
0535,2019,9,17
0535,2019,10,9
0535,2019,11,17
0535,2019,12,19
0537,2016,1,58
0537,2016,2,80
0537,2016,3,66
0537,2016,4,45
0537,2016,5,35
0537,2016,6,24
0537,2016,7,33
0537,2016,8,35
0537,2016,9,39
0537,2016,10,37
0537,2016,11,39
0537,2016,12,49
0537,2017,1,54
0537,2017,2,66
0537,2017,3,51
0537,2017,4,40
0537,2017,5,40
0537,2017,6,36
0537,2017,7,38
0537,2017,8,33
0537,2017,9,31
0537,2017,10,39
0537,2017,11,56
0537,2017,12,64
0537,2018,1,60
0537,2018,2,52
0537,2018,3,62
0537,2018,4,63
0537,2018,5,42
0537,2018,6,32
0537,2018,7,49
0537,2018,8,32
0537,2018,9,34
0537,2018,10,46
0537,2018,11,35
0537,2018,12,38
0537,2019,1,56
0537,2019,2,55
0537,2019,3,47
0537,2019,4,40
0537,2019,5,41
0537,2019,6,28
0537,2019,7,39
0537,2019,8,50
0537,2019,9,37
0537,2019,10,37
0537,2019,11,66
0537,2019,12,53
0538,2016,1,13
0538,2016,2,13
0538,2016,3,15
0538,2016,4,9
0538,2016,5,3
0538,2016,6,3
0538,2016,7,4
0538,2016,8,4
0538,2016,9,8
0538,2016,10,6
0538,2016,11,5
0538,2016,12,7
0538,2017,1,7
0538,2017,2,10
0538,2017,3,14
0538,2017,4,10
0538,2017,5,5
0538,2017,6,5
0538,2017,7,12
0538,2017,8,7
0538,2017,10,6
0538,2017,11,12
0538,2017,12,18
0538,2018,1,7
0538,2018,2,5
0538,2018,3,21
0538,2018,4,21
0538,2018,5,10
0538,2018,7,7
0538,2018,9,11
0538,2018,10,3
0538,2018,11,4
0538,2018,12,6
0538,2019,1,12
0538,2019,2,9
0538,2019,3,4
0538,2019,4,9
0538,2019,5,8
0538,2019,6,6
0538,2019,7,5
0538,2019,8,3
0538,2019,9,8
0538,2019,10,7
0538,2019,11,11
0538,2019,12,14
0701,2016,1,25
0701,2016,2,22
0701,2016,3,31
0701,2016,4,14
0701,2016,5,9
0701,2016,6,14
0701,2016,7,11
0701,2016,8,21
0701,2016,9,5
0701,2016,10,15
0701,2016,11,19
0701,2016,12,21
0701,2017,1,16
0701,2017,2,28
0701,2017,3,15
0701,2017,4,23
0701,2017,5,15
0701,2017,6,21
0701,2017,7,20
0701,2017,8,11
0701,2017,9,13
0701,2017,10,13
0701,2017,11,6
0701,2017,12,29
0701,2018,1,42
0701,2018,2,23
0701,2018,3,33
0701,2018,4,23
0701,2018,5,22
0701,2018,6,10
0701,2018,7,8
0701,2018,8,12
0701,2018,9,14
0701,2018,10,7
0701,2018,11,17
0701,2018,12,17
0701,2019,1,28
0701,2019,2,27
0701,2019,3,28
0701,2019,4,17
0701,2019,5,14
0701,2019,6,12
0701,2019,7,14
0701,2019,8,22
0701,2019,9,9
0701,2019,10,13
0701,2019,11,20
0701,2019,12,23
0702,2016,2,9
0702,2016,3,10
0702,2016,4,3
0702,2016,5,3
0702,2016,6,5
0702,2016,12,4
0702,2017,3,3
0702,2017,8,5
0702,2017,9,4
0702,2017,11,3
0702,2018,1,3
0702,2018,2,8
0702,2018,3,9
0702,2018,4,8
0702,2018,5,4
0702,2018,6,4
0702,2018,10,7
0702,2018,11,4
0702,2018,12,3
0702,2019,1,10
0702,2019,2,4
0702,2019,3,7
0702,2019,5,7
0702,2019,7,3
0702,2019,8,4
0702,2019,9,3
0702,2019,11,4
0702,2019,12,11
0703,2016,1,4
0703,2016,3,3
0703,2017,1,3
0703,2017,2,3
0703,2018,3,3
0703,2018,4,3
0703,2018,9,3
0704,2016,3,3
0705,2016,2,3
0705,2016,4,3
0705,2017,2,3
0705,2017,3,4
0705,2018,3,4
0705,2019,1,3
0706,2016,1,6
0706,2016,2,10
0706,2016,4,4
0706,2016,9,4
0706,2016,11,4
0706,2016,12,3
0706,2017,1,8
0706,2017,5,4
0706,2017,6,4
0706,2017,7,4
0706,2017,8,3
0706,2017,9,5
0706,2017,10,3
0706,2017,11,9
0706,2017,12,10
0706,2018,1,8
0706,2018,2,12
0706,2018,3,14
0706,2018,4,6
0706,2018,5,6
0706,2018,6,3
0706,2018,7,4
0706,2018,8,4
0706,2018,9,3
0706,2018,10,10
0706,2018,11,4
0706,2018,12,12
0706,2019,1,4
0706,2019,2,9
0706,2019,3,9
0706,2019,4,9
0706,2019,5,7
0706,2019,6,4
0706,2019,7,8
0706,2019,9,4
0706,2019,10,3
0706,2019,11,9
0706,2019,12,6
0707,2018,9,3
0707,2018,10,3
0707,2018,12,3
0707,2019,1,4
0708,2016,1,4
0708,2016,2,9
0708,2016,5,3
0708,2016,7,3
0708,2016,8,3
0708,2016,12,3
0708,2017,2,4
0708,2017,3,8
0708,2017,10,4
0708,2017,11,6
0708,2017,12,4
0708,2018,1,4
0708,2018,3,8
0708,2018,4,5
0708,2018,5,4
0708,2018,6,3
0708,2018,9,3
0708,2018,10,4
0708,2019,1,3
0708,2019,2,4
0708,2019,7,3
0708,2019,8,3
0708,2019,9,3
0708,2019,10,7
0708,2019,11,6
0708,2019,12,9
0709,2017,5,3
0709,2019,5,3
0710,2016,2,7
0710,2016,3,7
0710,2016,5,4
0710,2017,1,6
0710,2017,2,4
0710,2017,4,3
0710,2017,11,3
0710,2018,1,3
0710,2018,3,3
0710,2018,6,4
0710,2019,1,3
0710,2019,2,3
0710,2019,8,6
0710,2019,12,8
0711,2016,2,3
0711,2019,4,3
0712,2016,3,3
0712,2017,4,4
0712,2018,1,4
0712,2018,3,4
0712,2018,4,3
0712,2019,1,3
0712,2019,8,3
0712,2019,11,4
0712,2019,12,7
0714,2016,3,3
0714,2019,1,3
0715,2016,2,8
0715,2016,3,4
0715,2016,4,6
0715,2016,5,8
0715,2016,11,3
0715,2016,12,4
0715,2017,1,3
0715,2017,2,3
0715,2017,3,5
0715,2017,7,4
0715,2017,9,3
0715,2017,10,3
0715,2017,12,3
0715,2018,2,3
0715,2018,4,3
0715,2018,7,3
0715,2018,12,4
0715,2019,1,5
0715,2019,2,6
0715,2019,3,3
0715,2019,4,10
0715,2019,5,3
0715,2019,8,3
0715,2019,9,3
0715,2019,10,3
0715,2019,11,4
0716,2017,12,3
0716,2018,1,3
0716,2019,4,3
0717,2016,1,3
0717,2016,3,3
0717,2016,4,3
0717,2017,2,3
0717,2017,4,3
0717,2018,1,3
0717,2018,6,6
0718,2016,8,3
0718,2018,9,3
0718,2019,5,3
0720,2017,4,3
0720,2017,8,3
0720,2018,1,3
0720,2019,1,6
0728,2017,1,3
0729,2016,1,8
0729,2016,2,3
0729,2016,3,7
0729,2016,4,3
0729,2016,10,3
0729,2016,11,3
0729,2017,1,3
0729,2017,2,11
0729,2017,3,4
0729,2017,6,8
0729,2017,9,5
0729,2017,12,4
0729,2018,1,5
0729,2018,2,4
0729,2018,3,6
0729,2018,4,9
0729,2018,7,9
0729,2018,8,3
0729,2018,9,3
0729,2018,10,7
0729,2018,11,3
0729,2019,1,4
0729,2019,2,4
0729,2019,3,3
0729,2019,4,6
0729,2019,5,6
0729,2019,7,4
0729,2019,10,3
0729,2019,11,3
0729,2019,12,13
0730,2016,1,10
0730,2016,2,10
0730,2016,3,8
0730,2016,4,7
0730,2016,8,9
0730,2016,9,3
0730,2016,10,5
0730,2016,11,10
0730,2016,12,4
0730,2017,1,11
0730,2017,2,9
0730,2017,3,6
0730,2017,4,10
0730,2017,5,3
0730,2017,6,8
0730,2017,7,4
0730,2017,8,5
0730,2017,9,4
0730,2017,10,12
0730,2017,11,12
0730,2017,12,18
0730,2018,1,12
0730,2018,2,14
0730,2018,3,18
0730,2018,4,10
0730,2018,5,10
0730,2018,7,3
0730,2018,10,4
0730,2018,11,7
0730,2018,12,6
0730,2019,1,10
0730,2019,2,10
0730,2019,3,9
0730,2019,4,9
0730,2019,5,8
0730,2019,7,7
0730,2019,9,3
0730,2019,10,13
0730,2019,11,4
0730,2019,12,15
0731,2016,1,6
0731,2016,2,4
0731,2016,3,12
0731,2016,5,10
0731,2016,7,7
0731,2016,8,4
0731,2016,9,4
0731,2016,10,6
0731,2016,12,11
0731,2017,1,9
0731,2017,2,12
0731,2017,3,11
0731,2017,4,8
0731,2017,5,5
0731,2017,6,3
0731,2017,7,6
0731,2017,9,6
0731,2017,10,11
0731,2017,11,6
0731,2017,12,14
0731,2018,1,12
0731,2018,2,8
0731,2018,3,12
0731,2018,4,9
0731,2018,6,8
0731,2018,7,6
0731,2018,8,3
0731,2018,10,9
0731,2018,11,7
0731,2018,12,10
0731,2019,1,13
0731,2019,2,9
0731,2019,3,8
0731,2019,4,4
0731,2019,5,5
0731,2019,6,3
0731,2019,8,4
0731,2019,9,7
0731,2019,10,14
0731,2019,11,13
0731,2019,12,16
0732,2016,1,21
0732,2016,2,34
0732,2016,3,32
0732,2016,4,18
0732,2016,5,10
0732,2016,6,17
0732,2016,7,17
0732,2016,8,13
0732,2016,9,3
0732,2016,10,12
0732,2016,11,22
0732,2016,12,19
0732,2017,1,23
0732,2017,2,24
0732,2017,3,17
0732,2017,4,17
0732,2017,5,17
0732,2017,6,17
0732,2017,7,20
0732,2017,8,9
0732,2017,9,11
0732,2017,10,7
0732,2017,11,13
0732,2017,12,21
0732,2018,1,32
0732,2018,2,20
0732,2018,3,30
0732,2018,4,15
0732,2018,5,17
0732,2018,6,13
0732,2018,7,21
0732,2018,8,10
0732,2018,9,13
0732,2018,10,13
0732,2018,11,17
0732,2018,12,21
0732,2019,1,28
0732,2019,2,18
0732,2019,3,22
0732,2019,4,21
0732,2019,5,18
0732,2019,6,15
0732,2019,7,9
0732,2019,8,9
0732,2019,9,10
0732,2019,10,10
0732,2019,11,18
0732,2019,12,22
0733,2016,1,10
0733,2016,2,11
0733,2016,3,4
0733,2016,4,7
0733,2016,5,7
0733,2016,6,6
0733,2016,7,3
0733,2016,8,5
0733,2016,9,3
0733,2016,10,3
0733,2016,11,12
0733,2016,12,10
0733,2017,2,9
0733,2017,3,14
0733,2017,5,4
0733,2017,7,9
0733,2017,8,4
0733,2017,10,3
0733,2017,11,3
0733,2017,12,8
0733,2018,1,14
0733,2018,2,10
0733,2018,3,8
0733,2018,4,6
0733,2018,5,10
0733,2018,6,4
0733,2018,8,6
0733,2018,9,3
0733,2018,10,5
0733,2018,11,3
0733,2018,12,10
0733,2019,1,7
0733,2019,2,8
0733,2019,3,3
0733,2019,5,7
0733,2019,6,3
0733,2019,7,3
0733,2019,8,3
0733,2019,10,3
0733,2019,11,5
0733,2019,12,3
0734,2016,2,4
0734,2016,12,5
0734,2017,1,3
0734,2017,2,3
0734,2017,11,8
0734,2017,12,4
0734,2018,1,4
0734,2018,2,3
0734,2018,3,3
0734,2018,9,4
0734,2018,10,4
0734,2018,12,3
0734,2019,1,9
0734,2019,2,4
0734,2019,4,3
0734,2019,10,7
0734,2019,11,8
0735,2016,1,11
0735,2016,2,12
0735,2016,3,22
0735,2016,4,6
0735,2016,5,4
0735,2016,6,9
0735,2016,7,13
0735,2016,8,10
0735,2016,9,13
0735,2016,10,4
0735,2016,11,7
0735,2016,12,11
0735,2017,1,15
0735,2017,2,11
0735,2017,3,13
0735,2017,4,8
0735,2017,5,7
0735,2017,6,5
0735,2017,7,4
0735,2017,8,11
0735,2017,9,10
0735,2017,10,8
0735,2017,11,5
0735,2017,12,13
0735,2018,1,15
0735,2018,2,4
0735,2018,3,14
0735,2018,4,12
0735,2018,5,8
0735,2018,6,3
0735,2018,7,14
0735,2018,8,3
0735,2018,9,8
0735,2018,10,9
0735,2018,11,8
0735,2018,12,20
0735,2019,1,13
0735,2019,2,14
0735,2019,3,9
0735,2019,4,12
0735,2019,5,8
0735,2019,6,16
0735,2019,7,8
0735,2019,9,6
0735,2019,10,12
0735,2019,11,10
0735,2019,12,8
0736,2016,1,16
0736,2016,2,24
0736,2016,3,22
0736,2016,4,8
0736,2016,5,16
0736,2016,6,15
0736,2016,7,20
0736,2016,8,11
0736,2016,9,15
0736,2016,10,15
0736,2016,11,21
0736,2016,12,23
0736,2017,1,28
0736,2017,2,22
0736,2017,3,14
0736,2017,4,15
0736,2017,5,22
0736,2017,6,6
0736,2017,7,17
0736,2017,8,7
0736,2017,9,8
0736,2017,10,11
0736,2017,11,17
0736,2017,12,21
0736,2018,1,22
0736,2018,2,23
0736,2018,3,20
0736,2018,4,19
0736,2018,5,15
0736,2018,6,11
0736,2018,7,9
0736,2018,8,7
0736,2018,9,15
0736,2018,10,15
0736,2018,11,20
0736,2018,12,19
0736,2019,1,22
0736,2019,2,13
0736,2019,3,30
0736,2019,4,20
0736,2019,5,13
0736,2019,6,12
0736,2019,7,11
0736,2019,8,15
0736,2019,9,23
0736,2019,10,23
0736,2019,11,25
0736,2019,12,27
0738,2016,1,13
0738,2016,2,11
0738,2016,3,11
0738,2016,4,4
0738,2016,5,8
0738,2016,6,7
0738,2016,7,4
0738,2016,10,5
0738,2016,11,5
0738,2016,12,7
0738,2017,1,8
0738,2017,2,12
0738,2017,3,11
0738,2017,4,7
0738,2017,5,9
0738,2017,6,6
0738,2017,7,5
0738,2017,8,10
0738,2017,9,10
0738,2017,10,7
0738,2017,11,7
0738,2017,12,7
0738,2018,1,10
0738,2018,2,12
0738,2018,3,11
0738,2018,4,16
0738,2018,5,13
0738,2018,6,6
0738,2018,7,3
0738,2018,9,9
0738,2018,11,5
0738,2018,12,3
0738,2019,1,11
0738,2019,2,5
0738,2019,3,5
0738,2019,4,11
0738,2019,5,5
0738,2019,6,5
0738,2019,7,5
0738,2019,8,3
0738,2019,10,10
0738,2019,11,4
0738,2019,12,7
1101,2016,7,3
1101,2016,10,5
1101,2016,11,4
1101,2017,1,3
1101,2017,2,10
1101,2017,3,4
1101,2017,4,5
1101,2017,9,3
1101,2017,12,3
1101,2018,1,3
1101,2018,2,4
1101,2018,3,8
1101,2018,4,7
1101,2018,6,9
1101,2019,1,3
1101,2019,6,6
1101,2019,7,5
1101,2019,11,4
1101,2019,12,6
1102,2016,1,3
1102,2016,2,3
1102,2017,2,3
1102,2018,1,3
1102,2019,3,3
1102,2019,10,3
1103,2019,3,4
1104,2016,1,11
1104,2016,2,12
1104,2016,3,11
1104,2016,4,6
1104,2016,5,3
1104,2016,6,3
1104,2016,7,3
1104,2016,8,7
1104,2016,12,8
1104,2017,1,11
1104,2017,2,9
1104,2017,3,14
1104,2017,4,11
1104,2017,5,7
1104,2017,6,4
1104,2017,7,7
1104,2017,8,4
1104,2017,9,4
1104,2017,10,4
1104,2017,12,3
1104,2018,1,10
1104,2018,2,13
1104,2018,3,9
1104,2018,8,5
1104,2018,9,6
1104,2018,12,5
1104,2019,1,11
1104,2019,2,7
1104,2019,3,10
1104,2019,4,7
1104,2019,5,8
1104,2019,6,3
1104,2019,7,5
1104,2019,8,3
1104,2019,11,4
1104,2019,12,5
1105,2018,1,3
1106,2016,3,4
1106,2016,10,3
1106,2017,1,3
1106,2017,12,3
1106,2018,1,3
1107,2016,2,3
1107,2016,6,3
1107,2017,10,3
1107,2017,12,5
1107,2019,1,3
1200,2016,1,93
1200,2016,2,142
1200,2016,3,130
1200,2016,4,82
1200,2016,5,71
1200,2016,6,73
1200,2016,7,66
1200,2016,8,82
1200,2016,9,56
1200,2016,10,78
1200,2016,11,101
1200,2016,12,114
1200,2017,1,111
1200,2017,2,117
1200,2017,3,105
1200,2017,4,111
1200,2017,5,97
1200,2017,6,88
1200,2017,7,76
1200,2017,8,90
1200,2017,9,89
1200,2017,10,86
1200,2017,11,75
1200,2017,12,163
1200,2018,1,136
1200,2018,2,133
1200,2018,3,139
1200,2018,4,119
1200,2018,5,68
1200,2018,6,88
1200,2018,7,87
1200,2018,8,89
1200,2018,9,84
1200,2018,10,116
1200,2018,11,98
1200,2018,12,122
1200,2019,1,147
1200,2019,2,101
1200,2019,3,111
1200,2019,4,102
1200,2019,5,117
1200,2019,6,118
1200,2019,7,81
1200,2019,8,99
1200,2019,9,97
1200,2019,10,111
1200,2019,11,116
1200,2019,12,141
2200,2016,1,23
2200,2016,2,26
2200,2016,3,38
2200,2016,4,19
2200,2016,5,18
2200,2016,6,14
2200,2016,7,11
2200,2016,8,14
2200,2016,9,18
2200,2016,10,10
2200,2016,11,18
2200,2016,12,19
2200,2017,1,28
2200,2017,2,26
2200,2017,3,16
2200,2017,4,21
2200,2017,5,17
2200,2017,6,17
2200,2017,7,16
2200,2017,8,13
2200,2017,9,12
2200,2017,10,10
2200,2017,11,22
2200,2017,12,15
2200,2018,1,30
2200,2018,2,37
2200,2018,3,30
2200,2018,4,28
2200,2018,5,14
2200,2018,6,14
2200,2018,7,6
2200,2018,8,7
2200,2018,9,15
2200,2018,10,14
2200,2018,11,17
2200,2018,12,20
2200,2019,1,25
2200,2019,2,17
2200,2019,3,13
2200,2019,4,16
2200,2019,5,6
2200,2019,6,11
2200,2019,7,8
2200,2019,8,11
2200,2019,9,9
2200,2019,10,7
2200,2019,11,15
2200,2019,12,19
3101,2016,1,55
3101,2016,2,60
3101,2016,3,58
3101,2016,4,30
3101,2016,5,32
3101,2016,6,29
3101,2016,7,24
3101,2016,8,29
3101,2016,9,22
3101,2016,10,24
3101,2016,11,33
3101,2016,12,43
3101,2017,1,57
3101,2017,2,60
3101,2017,3,60
3101,2017,4,52
3101,2017,5,42
3101,2017,6,24
3101,2017,7,42
3101,2017,8,20
3101,2017,9,23
3101,2017,10,30
3101,2017,11,38
3101,2017,12,60
3101,2018,1,68
3101,2018,2,61
3101,2018,3,83
3101,2018,4,54
3101,2018,5,41
3101,2018,6,29
3101,2018,7,32
3101,2018,8,23
3101,2018,9,35
3101,2018,10,42
3101,2018,11,40
3101,2018,12,46
3101,2019,1,52
3101,2019,2,53
3101,2019,3,58
3101,2019,4,40
3101,2019,5,31
3101,2019,6,26
3101,2019,7,35
3101,2019,8,30
3101,2019,9,30
3101,2019,10,51
3101,2019,11,41
3101,2019,12,58
3102,2016,1,45
3102,2016,2,55
3102,2016,3,59
3102,2016,4,35
3102,2016,5,19
3102,2016,6,21
3102,2016,7,16
3102,2016,8,30
3102,2016,9,18
3102,2016,10,19
3102,2016,11,30
3102,2016,12,40
3102,2017,1,43
3102,2017,2,58
3102,2017,3,46
3102,2017,4,44
3102,2017,5,31
3102,2017,6,24
3102,2017,7,34
3102,2017,8,28
3102,2017,9,35
3102,2017,10,30
3102,2017,11,31
3102,2017,12,54
3102,2018,1,51
3102,2018,2,60
3102,2018,3,61
3102,2018,4,32
3102,2018,5,36
3102,2018,6,30
3102,2018,7,26
3102,2018,8,29
3102,2018,9,25
3102,2018,10,34
3102,2018,11,31
3102,2018,12,43
3102,2019,1,48
3102,2019,2,43
3102,2019,3,44
3102,2019,4,26
3102,2019,5,40
3102,2019,6,24
3102,2019,7,32
3102,2019,8,24
3102,2019,9,27
3102,2019,10,27
3102,2019,11,32
3102,2019,12,44
3103,2016,1,13
3103,2016,2,17
3103,2016,3,15
3103,2016,4,3
3103,2016,5,3
3103,2016,7,6
3103,2016,8,12
3103,2016,9,6
3103,2016,10,4
3103,2016,11,6
3103,2016,12,7
3103,2017,1,16
3103,2017,2,16
3103,2017,3,7
3103,2017,4,13
3103,2017,5,6
3103,2017,6,8
3103,2017,7,8
3103,2017,8,5
3103,2017,9,8
3103,2017,10,4
3103,2017,11,8
3103,2017,12,11
3103,2018,1,10
3103,2018,2,15
3103,2018,3,24
3103,2018,4,10
3103,2018,6,8
3103,2018,7,7
3103,2018,8,4
3103,2018,10,13
3103,2018,11,9
3103,2018,12,13
3103,2019,1,16
3103,2019,2,7
3103,2019,3,14
3103,2019,4,8
3103,2019,5,7
3103,2019,6,6
3103,2019,7,6
3103,2019,8,3
3103,2019,9,6
3103,2019,10,4
3103,2019,11,12
3103,2019,12,10
3104,2016,1,46
3104,2016,2,57
3104,2016,3,55
3104,2016,4,35
3104,2016,5,32
3104,2016,6,33
3104,2016,7,29
3104,2016,8,27
3104,2016,9,18
3104,2016,10,24
3104,2016,11,34
3104,2016,12,41
3104,2017,1,41
3104,2017,2,51
3104,2017,3,49
3104,2017,4,53
3104,2017,5,26
3104,2017,6,23
3104,2017,7,33
3104,2017,8,23
3104,2017,9,26
3104,2017,10,39
3104,2017,11,35
3104,2017,12,46
3104,2018,1,61
3104,2018,2,56
3104,2018,3,81
3104,2018,4,58
3104,2018,5,39
3104,2018,6,28
3104,2018,7,31
3104,2018,8,30
3104,2018,9,22
3104,2018,10,39
3104,2018,11,35
3104,2018,12,47
3104,2019,1,51
3104,2019,2,43
3104,2019,3,49
3104,2019,4,37
3104,2019,5,30
3104,2019,6,29
3104,2019,7,16
3104,2019,8,31
3104,2019,9,27
3104,2019,10,49
3104,2019,11,43
3104,2019,12,54
3105,2016,1,31
3105,2016,2,31
3105,2016,3,38
3105,2016,4,20
3105,2016,5,19
3105,2016,6,17
3105,2016,7,16
3105,2016,8,18
3105,2016,9,14
3105,2016,10,17
3105,2016,11,19
3105,2016,12,35
3105,2017,1,30
3105,2017,2,40
3105,2017,3,35
3105,2017,4,34
3105,2017,5,25
3105,2017,6,14
3105,2017,7,15
3105,2017,8,11
3105,2017,9,17
3105,2017,10,18
3105,2017,11,18
3105,2017,12,33
3105,2018,1,33
3105,2018,2,24
3105,2018,3,54
3105,2018,4,28
3105,2018,5,18
3105,2018,6,16
3105,2018,7,19
3105,2018,8,21
3105,2018,9,21
3105,2018,10,25
3105,2018,11,25
3105,2018,12,21
3105,2019,1,38
3105,2019,2,21
3105,2019,3,27
3105,2019,4,19
3105,2019,5,14
3105,2019,6,21
3105,2019,7,22
3105,2019,8,19
3105,2019,9,18
3105,2019,10,16
3105,2019,11,27
3105,2019,12,28
3106,2016,1,26
3106,2016,2,45
3106,2016,3,35
3106,2016,4,21
3106,2016,5,15
3106,2016,6,19
3106,2016,7,19
3106,2016,8,19
3106,2016,9,20
3106,2016,10,17
3106,2016,11,23
3106,2016,12,32
3106,2017,1,27
3106,2017,2,39
3106,2017,3,49
3106,2017,4,34
3106,2017,5,28
3106,2017,6,28
3106,2017,7,24
3106,2017,8,24
3106,2017,9,25
3106,2017,10,18
3106,2017,11,33
3106,2017,12,40
3106,2018,1,45
3106,2018,2,47
3106,2018,3,58
3106,2018,4,32
3106,2018,5,28
3106,2018,6,20
3106,2018,7,16
3106,2018,8,16
3106,2018,9,23
3106,2018,10,28
3106,2018,11,28
3106,2018,12,31
3106,2019,1,39
3106,2019,2,35
3106,2019,3,37
3106,2019,4,24
3106,2019,5,30
3106,2019,6,19
3106,2019,7,21
3106,2019,8,21
3106,2019,9,22
3106,2019,10,21
3106,2019,11,26
3106,2019,12,42
3107,2016,1,19
3107,2016,2,9
3107,2016,3,21
3107,2016,4,13
3107,2016,5,8
3107,2016,6,3
3107,2016,7,10
3107,2016,8,10
3107,2016,9,8
3107,2016,10,12
3107,2016,11,4
3107,2016,12,29
3107,2017,1,30
3107,2017,2,31
3107,2017,3,30
3107,2017,4,30
3107,2017,5,22
3107,2017,6,10
3107,2017,7,15
3107,2017,8,19
3107,2017,9,10
3107,2017,10,11
3107,2017,11,17
3107,2017,12,30
3107,2018,1,30
3107,2018,2,22
3107,2018,3,23
3107,2018,4,21
3107,2018,5,8
3107,2018,6,15
3107,2018,7,15
3107,2018,8,14
3107,2018,9,12
3107,2018,10,18
3107,2018,11,12
3107,2018,12,14
3107,2019,1,33
3107,2019,2,19
3107,2019,3,26
3107,2019,4,25
3107,2019,5,14
3107,2019,6,10
3107,2019,7,12
3107,2019,8,15
3107,2019,9,15
3107,2019,10,17
3107,2019,11,21
3107,2019,12,24
3108,2016,1,6
3108,2016,2,7
3108,2016,3,9
3108,2016,4,6
3108,2016,6,3
3108,2016,7,3
3108,2016,8,4
3108,2016,9,3
3108,2016,11,7
3108,2016,12,3
3108,2017,2,10
3108,2017,3,8
3108,2017,4,3
3108,2017,5,4
3108,2017,6,6
3108,2017,10,4
3108,2017,11,4
3108,2017,12,7
3108,2018,1,8
3108,2018,2,8
3108,2018,3,8
3108,2018,5,4
3108,2018,9,3
3108,2018,11,4
3108,2018,12,5
3108,2019,1,13
3108,2019,2,4
3108,2019,3,7
3108,2019,8,7
3108,2019,10,4
3108,2019,11,6
3109,2016,1,11
3109,2016,2,5
3109,2016,3,6
3109,2016,6,3
3109,2016,8,4
3109,2016,12,4
3109,2017,1,3
3109,2017,2,5
3109,2017,3,6
3109,2017,4,5
3109,2017,5,4
3109,2017,12,4
3109,2018,1,16
3109,2018,2,5
3109,2018,3,6
3109,2018,4,6
3109,2018,5,3
3109,2018,6,4
3109,2018,7,7
3109,2018,8,6
3109,2018,10,3
3109,2018,12,4
3109,2019,1,11
3109,2019,3,10
3109,2019,4,3
3109,2019,5,3
3109,2019,6,6
3109,2019,7,9
3109,2019,10,8
3109,2019,11,11
3109,2019,12,11
3110,2016,1,7
3110,2016,2,3
3110,2016,3,16
3110,2016,4,11
3110,2016,5,4
3110,2016,7,4
3110,2016,8,8
3110,2016,9,4
3110,2016,11,9
3110,2016,12,9
3110,2017,1,6
3110,2017,2,12
3110,2017,3,9
3110,2017,5,5
3110,2017,6,4
3110,2017,7,4
3110,2017,8,9
3110,2017,9,6
3110,2017,10,5
3110,2017,12,12
3110,2018,1,13
3110,2018,2,5
3110,2018,3,13
3110,2018,4,4
3110,2018,5,7
3110,2018,6,7
3110,2018,11,10
3110,2018,12,8
3110,2019,1,12
3110,2019,2,11
3110,2019,3,8
3110,2019,4,3
3110,2019,5,3
3110,2019,6,7
3110,2019,7,3
3110,2019,8,3
3110,2019,9,3
3110,2019,11,8
3110,2019,12,10
3111,2016,1,19
3111,2016,2,16
3111,2016,3,30
3111,2016,4,17
3111,2016,5,6
3111,2016,6,10
3111,2016,7,10
3111,2016,8,14
3111,2016,9,13
3111,2016,10,10
3111,2016,11,10
3111,2016,12,12
3111,2017,1,17
3111,2017,2,22
3111,2017,3,21
3111,2017,4,16
3111,2017,5,7
3111,2017,6,5
3111,2017,7,9
3111,2017,8,9
3111,2017,9,8
3111,2017,10,7
3111,2017,11,13
3111,2017,12,22
3111,2018,1,20
3111,2018,2,16
3111,2018,3,21
3111,2018,4,19
3111,2018,5,14
3111,2018,6,6
3111,2018,7,10
3111,2018,8,11
3111,2018,9,11
3111,2018,10,16
3111,2018,11,18
3111,2018,12,10
3111,2019,1,20
3111,2019,2,9
3111,2019,3,19
3111,2019,4,14
3111,2019,5,18
3111,2019,6,11
3111,2019,7,6
3111,2019,8,3
3111,2019,9,4
3111,2019,10,11
3111,2019,11,15
3111,2019,12,20
3112,2016,1,3
3112,2016,2,3
3112,2016,3,3
3112,2016,6,6
3112,2017,2,7
3112,2017,3,3
3112,2018,1,4
3112,2018,2,3
3112,2018,3,4
3112,2018,4,3
3112,2019,11,5
3113,2016,1,19
3113,2016,2,28
3113,2016,3,21
3113,2016,4,13
3113,2016,5,13
3113,2016,6,12
3113,2016,7,14
3113,2016,8,8
3113,2016,9,9
3113,2016,10,9
3113,2016,11,13
3113,2016,12,16
3113,2017,1,14
3113,2017,2,18
3113,2017,3,18
3113,2017,4,14
3113,2017,5,12
3113,2017,6,11
3113,2017,7,3
3113,2017,8,15
3113,2017,10,15
3113,2017,11,17
3113,2017,12,20
3113,2018,1,22
3113,2018,2,24
3113,2018,3,33
3113,2018,4,20
3113,2018,5,12
3113,2018,6,15
3113,2018,7,12
3113,2018,8,15
3113,2018,9,14
3113,2018,10,14
3113,2018,11,18
3113,2018,12,18
3113,2019,1,24
3113,2019,2,17
3113,2019,3,18
3113,2019,4,15
3113,2019,5,15
3113,2019,6,10
3113,2019,7,18
3113,2019,8,4
3113,2019,9,10
3113,2019,10,13
3113,2019,11,20
3113,2019,12,19
3114,2016,1,16
3114,2016,2,14
3114,2016,3,21
3114,2016,4,11
3114,2016,5,20
3114,2016,6,8
3114,2016,7,14
3114,2016,8,15
3114,2016,9,6
3114,2016,11,17
3114,2016,12,8
3114,2017,1,17
3114,2017,2,15
3114,2017,3,17
3114,2017,4,20
3114,2017,5,16
3114,2017,6,10
3114,2017,7,6
3114,2017,8,10
3114,2017,9,15
3114,2017,10,9
3114,2017,11,9
3114,2017,12,18
3114,2018,1,19
3114,2018,2,18
3114,2018,3,24
3114,2018,4,10
3114,2018,5,13
3114,2018,6,11
3114,2018,7,6
3114,2018,8,8
3114,2018,9,6
3114,2018,10,10
3114,2018,11,8
3114,2018,12,12
3114,2019,1,18
3114,2019,2,9
3114,2019,3,13
3114,2019,4,15
3114,2019,5,12
3114,2019,6,7
3114,2019,7,8
3114,2019,8,4
3114,2019,9,11
3114,2019,10,7
3114,2019,11,16
3114,2019,12,17
3115,2016,1,11
3115,2016,2,25
3115,2016,3,16
3115,2016,4,9
3115,2016,5,6
3115,2016,6,11
3115,2016,7,7
3115,2016,8,4
3115,2016,9,8
3115,2016,10,6
3115,2016,11,11
3115,2016,12,18
3115,2017,1,11
3115,2017,2,22
3115,2017,3,15
3115,2017,4,14
3115,2017,5,8
3115,2017,6,4
3115,2017,7,4
3115,2017,8,12
3115,2017,9,5
3115,2017,10,9
3115,2017,11,13
3115,2017,12,26
3115,2018,1,19
3115,2018,2,11
3115,2018,3,22
3115,2018,4,20
3115,2018,5,7
3115,2018,6,11
3115,2018,7,4
3115,2018,8,13
3115,2018,9,5
3115,2018,10,15
3115,2018,11,8
3115,2018,12,9
3115,2019,1,21
3115,2019,2,10
3115,2019,3,8
3115,2019,4,14
3115,2019,5,11
3115,2019,6,9
3115,2019,7,6
3115,2019,8,10
3115,2019,9,3
3115,2019,10,6
3115,2019,11,8
3115,2019,12,16
3116,2016,1,4
3116,2016,2,7
3116,2016,3,8
3116,2016,4,8
3116,2016,6,3
3116,2016,9,3
3116,2016,10,3
3116,2016,12,6
3116,2017,1,3
3116,2017,2,9
3116,2017,3,6
3116,2017,5,3
3116,2017,6,4
3116,2017,7,4
3116,2017,8,4
3116,2017,9,3
3116,2017,10,4
3116,2017,11,4
3116,2017,12,4
3116,2018,3,8
3116,2018,4,11
3116,2018,7,3
3116,2018,8,8
3116,2018,11,5
3116,2018,12,3
3116,2019,1,3
3116,2019,2,7
3116,2019,3,4
3116,2019,4,7
3116,2019,10,3
3116,2019,11,3
3116,2019,12,3
3117,2016,1,10
3117,2016,2,6
3117,2016,3,4
3117,2016,4,11
3117,2016,6,3
3117,2016,7,3
3117,2016,8,6
3117,2016,9,3
3117,2016,12,12
3117,2017,1,4
3117,2017,2,9
3117,2017,3,9
3117,2017,4,4
3117,2017,5,3
3117,2017,9,3
3117,2017,10,3
3117,2017,11,3
3117,2017,12,3
3117,2018,1,13
3117,2018,2,4
3117,2018,3,4
3117,2018,4,11
3117,2018,5,6
3117,2018,10,7
3117,2018,11,5
3117,2018,12,7
3117,2019,1,4
3117,2019,2,12
3117,2019,3,7
3117,2019,4,11
3117,2019,5,3
3117,2019,6,3
3117,2019,7,4
3117,2019,8,7
3117,2019,10,5
3117,2019,11,5
3117,2019,12,9
3118,2017,1,3
3118,2018,4,3
3118,2018,10,3
3123,2016,3,4
3123,2016,11,7
3123,2016,12,3
3123,2017,10,4
3123,2017,11,3
3123,2018,3,7
3123,2019,3,3
3123,2019,9,3
3126,2019,10,3
3127,2017,11,4
3127,2018,5,3
3127,2019,10,3
3128,2017,4,3
3128,2019,1,3
3128,2019,12,3
3201,2016,1,73
3201,2016,2,97
3201,2016,3,96
3201,2016,4,42
3201,2016,5,49
3201,2016,6,49
3201,2016,7,48
3201,2016,8,51
3201,2016,9,42
3201,2016,10,49
3201,2016,11,61
3201,2016,12,68
3201,2017,1,70
3201,2017,2,80
3201,2017,3,97
3201,2017,4,58
3201,2017,5,49
3201,2017,6,42
3201,2017,7,42
3201,2017,8,39
3201,2017,9,34
3201,2017,10,44
3201,2017,11,52
3201,2017,12,92
3201,2018,1,101
3201,2018,2,79
3201,2018,3,91
3201,2018,4,60
3201,2018,5,53
3201,2018,6,40
3201,2018,7,49
3201,2018,8,47
3201,2018,9,43
3201,2018,10,53
3201,2018,11,45
3201,2018,12,70
3201,2019,1,72
3201,2019,2,57
3201,2019,3,79
3201,2019,4,48
3201,2019,5,60
3201,2019,6,48
3201,2019,7,45
3201,2019,8,40
3201,2019,9,43
3201,2019,10,51
3201,2019,11,53
3201,2019,12,65
3202,2016,1,45
3202,2016,2,48
3202,2016,3,48
3202,2016,4,42
3202,2016,5,40
3202,2016,6,21
3202,2016,7,24
3202,2016,8,31
3202,2016,9,25
3202,2016,10,34
3202,2016,11,35
3202,2016,12,39
3202,2017,1,32
3202,2017,2,56
3202,2017,3,51
3202,2017,4,43
3202,2017,5,36
3202,2017,6,26
3202,2017,7,29
3202,2017,8,25
3202,2017,9,25
3202,2017,10,39
3202,2017,11,30
3202,2017,12,49
3202,2018,1,41
3202,2018,2,38
3202,2018,3,51
3202,2018,4,40
3202,2018,5,27
3202,2018,6,24
3202,2018,7,35
3202,2018,8,25
3202,2018,9,20
3202,2018,10,33
3202,2018,11,32
3202,2018,12,40
3202,2019,1,48
3202,2019,2,36
3202,2019,3,46
3202,2019,4,43
3202,2019,5,22
3202,2019,6,31
3202,2019,7,31
3202,2019,8,27
3202,2019,9,22
3202,2019,10,28
3202,2019,11,21
3202,2019,12,38
3203,2016,1,17
3203,2016,2,27
3203,2016,3,25
3203,2016,4,9
3203,2016,5,9
3203,2016,6,11
3203,2016,7,13
3203,2016,8,17
3203,2016,9,12
3203,2016,10,18
3203,2016,11,20
3203,2016,12,11
3203,2017,1,14
3203,2017,2,17
3203,2017,3,27
3203,2017,4,9
3203,2017,5,10
3203,2017,6,3
3203,2017,7,10
3203,2017,8,10
3203,2017,9,3
3203,2017,10,9
3203,2017,11,10
3203,2017,12,13
3203,2018,1,8
3203,2018,2,18
3203,2018,3,16
3203,2018,4,7
3203,2018,5,7
3203,2018,6,3
3203,2018,8,6
3203,2018,9,3
3203,2018,10,11
3203,2018,11,3
3203,2018,12,13
3203,2019,1,8
3203,2019,2,5
3203,2019,3,23
3203,2019,4,11
3203,2019,5,8
3203,2019,6,16
3203,2019,7,8
3203,2019,9,3
3203,2019,10,7
3203,2019,11,15
3203,2019,12,5
3204,2016,1,12
3204,2016,2,11
3204,2016,3,16
3204,2016,5,3
3204,2016,7,5
3204,2016,8,4
3204,2016,9,5
3204,2016,10,4
3204,2016,11,9
3204,2016,12,14
3204,2017,1,9
3204,2017,2,7
3204,2017,3,8
3204,2017,4,3
3204,2017,5,14
3204,2017,6,6
3204,2017,7,7
3204,2017,8,3
3204,2017,9,5
3204,2017,10,3
3204,2017,11,6
3204,2017,12,14
3204,2018,1,17
3204,2018,2,14
3204,2018,3,22
3204,2018,4,13
3204,2018,5,9
3204,2018,6,15
3204,2018,7,12
3204,2018,8,13
3204,2018,9,7
3204,2018,10,21
3204,2018,11,13
3204,2018,12,20
3204,2019,1,17
3204,2019,2,23
3204,2019,3,14
3204,2019,4,12
3204,2019,5,11
3204,2019,6,17
3204,2019,7,9
3204,2019,8,15
3204,2019,9,7
3204,2019,10,4
3204,2019,11,16
3204,2019,12,17
3205,2016,1,36
3205,2016,2,39
3205,2016,3,34
3205,2016,4,23
3205,2016,5,18
3205,2016,6,15
3205,2016,7,19
3205,2016,8,21
3205,2016,9,18
3205,2016,10,20
3205,2016,11,21
3205,2016,12,31
3205,2017,1,24
3205,2017,2,47
3205,2017,3,32
3205,2017,4,34
3205,2017,5,20
3205,2017,6,18
3205,2017,7,22
3205,2017,8,24
3205,2017,9,29
3205,2017,10,20
3205,2017,11,20
3205,2017,12,33
3205,2018,1,36
3205,2018,2,34
3205,2018,3,54
3205,2018,4,32
3205,2018,5,24
3205,2018,6,17
3205,2018,7,25
3205,2018,8,10
3205,2018,9,21
3205,2018,10,26
3205,2018,11,15
3205,2018,12,31
3205,2019,1,15
3205,2019,2,18
3205,2019,3,26
3205,2019,4,28
3205,2019,5,24
3205,2019,6,13
3205,2019,7,15
3205,2019,8,20
3205,2019,9,19
3205,2019,10,22
3205,2019,11,30
3205,2019,12,35
3206,2016,1,21
3206,2016,2,15
3206,2016,3,23
3206,2016,4,10
3206,2016,5,15
3206,2016,6,6
3206,2016,7,8
3206,2016,8,5
3206,2016,9,4
3206,2016,10,3
3206,2016,11,14
3206,2016,12,9
3206,2017,1,9
3206,2017,2,4
3206,2017,3,13
3206,2017,4,17
3206,2017,5,9
3206,2017,6,15
3206,2017,7,9
3206,2017,8,14
3206,2017,9,15
3206,2017,10,14
3206,2017,11,12
3206,2017,12,18
3206,2018,1,18
3206,2018,2,17
3206,2018,3,21
3206,2018,4,20
3206,2018,5,9
3206,2018,6,12
3206,2018,7,5
3206,2018,8,12
3206,2018,9,9
3206,2018,10,10
3206,2018,11,12
3206,2018,12,21
3206,2019,1,14
3206,2019,2,13
3206,2019,3,18
3206,2019,4,15
3206,2019,5,12
3206,2019,6,13
3206,2019,7,6
3206,2019,8,15
3206,2019,9,11
3206,2019,10,19
3206,2019,11,19
3206,2019,12,12
3207,2016,1,18
3207,2016,2,33
3207,2016,3,36
3207,2016,4,19
3207,2016,5,15
3207,2016,6,20
3207,2016,7,14
3207,2016,8,17
3207,2016,9,18
3207,2016,10,15
3207,2016,11,19
3207,2016,12,24
3207,2017,1,25
3207,2017,2,40
3207,2017,3,32
3207,2017,4,26
3207,2017,5,19
3207,2017,6,15
3207,2017,7,25
3207,2017,8,19
3207,2017,9,17
3207,2017,10,16
3207,2017,11,19
3207,2017,12,23
3207,2018,1,32
3207,2018,2,28
3207,2018,3,38
3207,2018,4,24
3207,2018,5,20
3207,2018,6,19
3207,2018,7,22
3207,2018,8,33
3207,2018,9,10
3207,2018,10,19
3207,2018,11,19
3207,2018,12,23
3207,2019,1,38
3207,2019,2,35
3207,2019,3,35
3207,2019,4,33
3207,2019,5,27
3207,2019,6,14
3207,2019,7,19
3207,2019,8,27
3207,2019,9,23
3207,2019,10,26
3207,2019,11,24
3207,2019,12,30
3208,2016,1,25
3208,2016,2,25
3208,2016,3,30
3208,2016,4,12
3208,2016,5,8
3208,2016,6,13
3208,2016,7,3
3208,2016,8,14
3208,2016,9,11
3208,2016,10,15
3208,2016,11,13
3208,2016,12,24
3208,2017,1,14
3208,2017,2,36
3208,2017,3,23
3208,2017,4,17
3208,2017,5,7
3208,2017,6,12
3208,2017,7,11
3208,2017,8,16
3208,2017,9,10
3208,2017,10,6
3208,2017,11,10
3208,2017,12,13
3208,2018,1,17
3208,2018,2,21
3208,2018,3,34
3208,2018,4,15
3208,2018,5,8
3208,2018,6,4
3208,2018,7,12
3208,2018,8,11
3208,2018,9,12
3208,2018,10,3
3208,2018,11,16
3208,2018,12,14
3208,2019,1,16
3208,2019,2,12
3208,2019,3,17
3208,2019,4,19
3208,2019,5,9
3208,2019,6,7
3208,2019,7,4
3208,2019,8,3
3208,2019,9,3
3208,2019,10,10
3208,2019,11,11
3208,2019,12,22
3209,2016,1,27
3209,2016,2,31
3209,2016,3,35
3209,2016,4,19
3209,2016,5,19
3209,2016,6,18
3209,2016,7,18
3209,2016,8,17
3209,2016,9,16
3209,2016,10,19
3209,2016,11,14
3209,2016,12,20
3209,2017,1,27
3209,2017,2,32
3209,2017,3,27
3209,2017,4,13
3209,2017,5,23
3209,2017,6,21
3209,2017,7,24
3209,2017,8,16
3209,2017,9,23
3209,2017,10,21
3209,2017,11,18
3209,2017,12,33
3209,2018,1,24
3209,2018,2,26
3209,2018,3,26
3209,2018,4,23
3209,2018,5,17
3209,2018,6,25
3209,2018,7,8
3209,2018,8,17
3209,2018,9,25
3209,2018,10,35
3209,2018,11,29
3209,2018,12,30
3209,2019,1,25
3209,2019,2,24
3209,2019,3,25
3209,2019,4,29
3209,2019,5,17
3209,2019,6,18
3209,2019,7,16
3209,2019,8,16
3209,2019,9,19
3209,2019,10,24
3209,2019,11,17
3209,2019,12,32
3210,2016,1,17
3210,2016,2,24
3210,2016,3,31
3210,2016,4,11
3210,2016,5,14
3210,2016,6,5
3210,2016,7,10
3210,2016,8,12
3210,2016,9,16
3210,2016,10,20
3210,2016,11,11
3210,2016,12,15
3210,2017,1,11
3210,2017,2,21
3210,2017,3,21
3210,2017,4,30
3210,2017,5,23
3210,2017,6,14
3210,2017,7,14
3210,2017,8,11
3210,2017,9,9
3210,2017,10,21
3210,2017,11,15
3210,2017,12,24
3210,2018,1,17
3210,2018,2,24
3210,2018,3,39
3210,2018,4,19
3210,2018,5,17
3210,2018,6,7
3210,2018,7,9
3210,2018,8,13
3210,2018,9,14
3210,2018,10,16
3210,2018,11,15
3210,2018,12,19
3210,2019,1,19
3210,2019,2,16
3210,2019,3,17
3210,2019,4,7
3210,2019,5,16
3210,2019,6,11
3210,2019,7,11
3210,2019,8,14
3210,2019,9,12
3210,2019,10,11
3210,2019,11,29
3210,2019,12,26
3211,2016,1,4
3211,2016,2,3
3211,2016,3,5
3211,2016,4,5
3211,2016,5,7
3211,2016,7,4
3211,2016,8,3
3211,2016,10,4
3211,2017,5,3
3211,2017,12,4
3211,2018,4,4
3211,2018,11,3
3211,2018,12,4
3211,2019,3,3
3211,2019,4,3
3211,2019,5,3
3211,2019,6,5
3211,2019,7,5
3211,2019,8,3
3211,2019,9,3
3211,2019,10,5
3211,2019,11,6
3211,2019,12,5
3212,2016,1,11
3212,2016,2,13
3212,2016,3,6
3212,2016,4,5
3212,2016,5,6
3212,2016,6,9
3212,2016,8,3
3212,2016,9,6
3212,2016,10,10
3212,2016,11,8
3212,2016,12,6
3212,2017,1,3
3212,2017,2,14
3212,2017,3,3
3212,2017,4,16
3212,2017,5,11
3212,2017,6,8
3212,2017,7,8
3212,2017,8,7
3212,2017,10,5
3212,2017,11,5
3212,2017,12,8
3212,2018,1,5
3212,2018,2,7
3212,2018,3,18
3212,2018,4,14
3212,2018,6,3
3212,2018,7,4
3212,2018,8,3
3212,2018,9,9
3212,2018,10,14
3212,2018,11,9
3212,2018,12,18
3212,2019,1,6
3212,2019,2,4
3212,2019,3,9
3212,2019,4,9
3212,2019,5,16
3212,2019,6,9
3212,2019,7,9
3212,2019,8,11
3212,2019,9,7
3212,2019,10,6
3212,2019,11,4
3212,2019,12,12
3213,2016,2,4
3213,2016,3,4
3213,2017,1,4
3213,2017,4,4
3213,2017,5,3
3213,2018,4,3
3301,2016,2,4
3301,2016,3,6
3301,2016,12,4
3301,2018,2,3
3301,2018,3,3
3301,2018,5,3
3301,2018,11,4
3301,2018,12,6
3301,2019,1,4
3301,2019,2,3
3301,2019,10,3
3301,2019,11,3
3302,2016,1,3
3302,2016,3,5
3302,2017,2,3
3302,2017,3,4
3302,2017,6,3
3302,2017,12,4
3302,2018,2,5
3302,2018,10,3
3302,2018,12,6
3302,2019,10,6
3303,2016,1,4
3303,2016,2,5
3303,2016,3,9
3303,2016,5,4
3303,2016,6,3
3303,2016,7,3
3303,2016,8,6
3303,2016,12,4
3303,2017,1,4
3303,2017,2,4
3303,2017,3,10
3303,2017,4,10
3303,2017,5,4
3303,2017,6,7
3303,2017,8,4
3303,2017,9,9
3303,2017,10,5
3303,2017,11,4
3303,2017,12,3
3303,2018,1,8
3303,2018,2,5
3303,2018,3,10
3303,2018,6,3
3303,2018,7,7
3303,2018,8,7
3303,2018,9,7
3303,2018,10,7
3303,2018,11,13
3303,2018,12,10
3303,2019,1,19
3303,2019,2,5
3303,2019,3,15
3303,2019,4,5
3303,2019,5,4
3303,2019,8,10
3303,2019,9,12
3303,2019,10,11
3303,2019,11,12
3303,2019,12,13
3305,2016,1,18
3305,2016,2,31
3305,2016,3,32
3305,2016,4,21
3305,2016,5,12
3305,2016,6,15
3305,2016,7,15
3305,2016,8,17
3305,2016,9,11
3305,2016,10,12
3305,2016,11,18
3305,2016,12,26
3305,2017,1,26
3305,2017,2,27
3305,2017,3,27
3305,2017,4,38
3305,2017,5,24
3305,2017,6,23
3305,2017,7,18
3305,2017,8,16
3305,2017,9,21
3305,2017,10,27
3305,2017,11,15
3305,2017,12,35
3305,2018,1,36
3305,2018,2,30
3305,2018,3,44
3305,2018,4,29
3305,2018,5,20
3305,2018,6,12
3305,2018,7,28
3305,2018,8,21
3305,2018,9,18
3305,2018,10,19
3305,2018,11,20
3305,2018,12,37
3305,2019,1,40
3305,2019,2,24
3305,2019,3,31
3305,2019,4,22
3305,2019,5,23
3305,2019,6,22
3305,2019,7,25
3305,2019,8,24
3305,2019,9,22
3305,2019,10,22
3305,2019,11,26
3305,2019,12,26
3306,2016,1,13
3306,2016,2,16
3306,2016,3,15
3306,2016,4,11
3306,2016,5,5
3306,2016,6,3
3306,2016,7,6
3306,2016,8,7
3306,2016,10,7
3306,2016,11,5
3306,2016,12,11
3306,2017,1,11
3306,2017,2,15
3306,2017,3,15
3306,2017,4,20
3306,2017,5,11
3306,2017,6,4
3306,2017,7,4
3306,2017,8,4
3306,2017,9,3
3306,2017,10,8
3306,2017,11,8
3306,2017,12,16
3306,2018,1,21
3306,2018,2,8
3306,2018,3,19
3306,2018,4,12
3306,2018,5,8
3306,2018,6,8
3306,2018,7,8
3306,2018,8,9
3306,2018,9,6
3306,2018,10,9
3306,2018,11,11
3306,2018,12,6
3306,2019,1,4
3306,2019,2,13
3306,2019,3,10
3306,2019,4,9
3306,2019,5,9
3306,2019,6,4
3306,2019,7,8
3306,2019,8,9
3306,2019,9,9
3306,2019,10,4
3306,2019,11,10
3306,2019,12,11
3307,2016,1,3
3308,2016,7,3
3308,2017,3,3
3308,2018,2,4
3308,2018,12,3
3308,2019,1,4
3309,2017,11,3
3309,2018,9,3
3310,2016,2,4
3310,2017,3,3
3310,2017,4,3
3310,2017,6,3
3310,2017,10,5
3310,2017,11,3
3310,2017,12,4
3310,2018,1,5
3310,2018,2,7
3310,2018,3,4
3310,2018,12,3
3310,2019,1,7
3310,2019,2,3
3310,2019,4,4
3310,2019,5,4
3310,2019,6,6
3310,2019,8,4
3310,2019,10,4
3310,2019,12,4
3401,2016,1,10
3401,2016,2,13
3401,2016,3,18
3401,2016,4,13
3401,2016,5,10
3401,2016,7,4
3401,2016,8,3
3401,2016,9,7
3401,2016,10,3
3401,2016,11,8
3401,2016,12,5
3401,2017,1,10
3401,2017,2,17
3401,2017,3,26
3401,2017,4,9
3401,2017,5,6
3401,2017,6,9
3401,2017,7,7
3401,2017,8,3
3401,2017,9,9
3401,2017,10,6
3401,2017,11,10
3401,2017,12,13
3401,2018,1,20
3401,2018,2,14
3401,2018,3,9
3401,2018,4,16
3401,2018,5,10
3401,2018,7,10
3401,2018,8,7
3401,2018,10,4
3401,2018,11,9
3401,2018,12,15
3401,2019,1,11
3401,2019,2,3
3401,2019,3,11
3401,2019,4,3
3401,2019,5,5
3401,2019,6,3
3401,2019,7,6
3401,2019,8,7
3401,2019,9,3
3401,2019,10,10
3401,2019,11,10
3401,2019,12,14
3402,2016,1,4
3402,2016,2,4
3402,2016,3,13
3402,2016,4,4
3402,2016,5,3
3402,2016,7,3
3402,2016,8,3
3402,2016,11,3
3402,2016,12,3
3402,2017,1,3
3402,2017,2,10
3402,2017,3,9
3402,2017,4,4
3402,2017,5,6
3402,2017,6,5
3402,2017,8,3
3402,2017,12,7
3402,2018,1,10
3402,2018,2,7
3402,2018,3,7
3402,2018,4,6
3402,2018,7,7
3402,2018,8,3
3402,2018,9,3
3402,2018,12,3
3402,2019,1,3
3402,2019,3,3
3402,2019,4,3
3402,2019,5,3
3402,2019,6,3
3402,2019,12,5
3403,2016,3,5
3403,2017,2,7
3403,2017,4,3
3403,2017,11,3
3403,2018,1,5
3403,2018,3,5
3403,2018,4,3
3403,2019,3,3
3403,2019,5,5
3403,2019,9,3
3403,2019,11,3
3403,2019,12,3
3404,2016,3,4
3404,2016,5,3
3404,2017,2,3
3404,2019,1,3
3404,2019,6,3
3405,2016,3,4
3405,2017,7,3
3405,2017,12,4
3405,2018,1,6
3405,2018,3,5
3405,2019,9,3
3405,2019,12,3
3406,2016,1,3
3407,2016,1,4
3407,2016,5,3
3407,2017,4,3
3407,2018,11,3
3408,2016,2,4
3408,2016,3,5
3408,2016,4,3
3408,2017,2,6
3408,2017,11,5
3408,2019,3,3
3409,2016,2,3
3409,2016,5,3
3409,2016,10,3
3409,2017,3,4
3409,2018,1,4
3409,2018,3,7
3409,2018,4,3
3409,2019,1,3
3501,2016,1,10
3501,2016,2,4
3501,2016,3,11
3501,2016,4,3
3501,2016,11,3
3501,2016,12,6
3501,2017,2,8
3501,2017,3,9
3501,2017,4,9
3501,2017,5,3
3501,2017,12,7
3501,2018,1,6
3501,2018,2,4
3501,2018,3,12
3501,2018,4,4
3501,2018,6,3
3501,2018,7,3
3501,2018,8,9
3501,2018,10,4
3501,2018,11,3
3501,2018,12,7
3501,2019,1,12
3501,2019,2,4
3501,2019,3,6
3501,2019,4,3
3501,2019,6,3
3501,2019,7,3
3501,2019,10,3
3501,2019,12,3
3502,2016,2,3
3502,2017,4,3
3502,2017,12,3
3502,2018,1,3
3502,2019,1,3
3502,2019,3,3
3502,2019,11,3
3503,2016,7,3
3503,2016,11,4
3503,2018,1,3
3503,2018,5,3
3503,2019,11,3
3504,2016,1,5
3504,2016,2,14
3504,2016,3,10
3504,2016,4,3
3504,2016,5,6
3504,2016,7,5
3504,2016,8,4
3504,2016,11,7
3504,2016,12,7
3504,2017,1,5
3504,2017,2,18
3504,2017,3,12
3504,2017,4,3
3504,2017,5,5
3504,2017,6,4
3504,2017,7,9
3504,2017,8,5
3504,2017,10,3
3504,2017,12,13
3504,2018,1,5
3504,2018,2,10
3504,2018,4,3
3504,2018,5,6
3504,2018,6,3
3504,2018,7,5
3504,2018,10,3
3504,2018,11,9
3504,2018,12,3
3504,2019,1,18
3504,2019,2,3
3504,2019,3,3
3504,2019,4,3
3504,2019,5,4
3504,2019,10,5
3504,2019,11,14
3504,2019,12,10
3505,2016,2,4
3505,2016,4,3
3505,2016,5,3
3505,2016,6,3
3505,2016,7,3
3505,2016,12,4
3505,2017,1,3
3505,2017,2,3
3505,2017,3,4
3505,2017,4,3
3505,2017,10,3
3505,2017,12,5
3505,2018,1,7
3505,2018,3,6
3505,2018,9,3
3505,2019,1,5
3505,2019,4,6
3505,2019,7,3
3505,2019,10,3
3506,2016,2,3
3506,2018,11,4
3506,2019,11,3
3507,2016,3,5
3508,2017,5,3
3508,2019,11,3
3510,2017,2,3
3510,2018,4,3
3510,2019,12,4
3515,2016,1,3
3701,2016,1,36
3701,2016,2,64
3701,2016,3,38
3701,2016,4,28
3701,2016,5,17
3701,2016,6,21
3701,2016,7,18
3701,2016,8,25
3701,2016,9,25
3701,2016,10,15
3701,2016,11,20
3701,2016,12,34
3701,2017,1,44
3701,2017,2,61
3701,2017,3,43
3701,2017,4,26
3701,2017,5,30
3701,2017,6,21
3701,2017,7,29
3701,2017,8,20
3701,2017,9,17
3701,2017,10,17
3701,2017,11,27
3701,2017,12,49
3701,2018,1,53
3701,2018,2,43
3701,2018,3,45
3701,2018,4,38
3701,2018,5,22
3701,2018,6,17
3701,2018,7,26
3701,2018,8,14
3701,2018,9,20
3701,2018,10,29
3701,2018,11,26
3701,2018,12,32
3701,2019,1,33
3701,2019,2,41
3701,2019,3,42
3701,2019,4,28
3701,2019,5,17
3701,2019,6,25
3701,2019,7,15
3701,2019,8,19
3701,2019,9,27
3701,2019,10,30
3701,2019,11,39
3701,2019,12,33
3702,2016,1,18
3702,2016,2,27
3702,2016,3,23
3702,2016,4,14
3702,2016,5,9
3702,2016,6,10
3702,2016,7,9
3702,2016,8,7
3702,2016,9,9
3702,2016,10,8
3702,2016,11,8
3702,2016,12,3
3702,2017,1,15
3702,2017,2,24
3702,2017,3,19
3702,2017,4,9
3702,2017,5,8
3702,2017,6,10
3702,2017,7,13
3702,2017,8,11
3702,2017,9,5
3702,2017,10,9
3702,2017,11,6
3702,2017,12,15
3702,2018,1,15
3702,2018,2,17
3702,2018,3,21
3702,2018,4,14
3702,2018,5,10
3702,2018,6,7
3702,2018,7,8
3702,2018,8,11
3702,2018,10,10
3702,2018,11,8
3702,2018,12,17
3702,2019,1,23
3702,2019,2,7
3702,2019,3,13
3702,2019,4,9
3702,2019,5,11
3702,2019,6,8
3702,2019,7,9
3702,2019,8,4
3702,2019,9,7
3702,2019,10,10
3702,2019,11,11
3702,2019,12,14
3703,2016,1,9
3703,2016,2,12
3703,2016,3,16
3703,2016,4,6
3703,2016,9,4
3703,2016,10,4
3703,2016,11,3
3703,2016,12,4
3703,2017,1,8
3703,2017,2,11
3703,2017,3,4
3703,2017,4,10
3703,2017,5,10
3703,2017,7,5
3703,2017,8,4
3703,2017,9,3
3703,2017,10,3
3703,2017,12,14
3703,2018,1,6
3703,2018,2,5
3703,2018,3,10
3703,2018,4,14
3703,2018,5,3
3703,2018,6,7
3703,2018,7,4
3703,2018,9,9
3703,2018,10,4
3703,2018,12,9
3703,2019,1,10
3703,2019,2,7
3703,2019,3,4
3703,2019,7,6
3703,2019,8,6
3703,2019,10,6
3703,2019,11,12
3703,2019,12,5
3704,2016,1,4
3704,2017,1,8
3704,2017,2,4
3704,2017,4,6
3704,2017,12,3
3705,2016,1,7
3705,2016,2,12
3705,2016,3,17
3705,2016,4,6
3705,2016,5,4
3705,2016,7,4
3705,2016,8,4
3705,2016,10,3
3705,2016,12,8
3705,2017,1,8
3705,2017,2,3
3705,2017,3,6
3705,2017,4,9
3705,2017,5,8
3705,2017,6,9
3705,2017,9,3
3705,2017,10,4
3705,2017,12,3
3705,2018,1,10
3705,2018,2,5
3705,2018,3,9
3705,2018,4,7
3705,2018,5,8
3705,2018,8,3
3705,2018,9,4
3705,2018,10,6
3705,2018,11,3
3705,2018,12,9
3705,2019,1,3
3705,2019,2,6
3705,2019,3,4
3705,2019,6,3
3705,2019,8,3
3705,2019,9,4
3705,2019,10,6
3705,2019,11,5
3706,2016,1,3
3706,2016,2,3
3706,2016,4,4
3706,2016,12,3
3706,2017,2,3
3706,2017,3,3
3706,2017,5,4
3706,2017,12,4
3706,2018,4,3
3706,2018,6,3
3706,2019,6,3
3706,2019,11,3
3706,2019,12,5
3707,2017,1,3
3707,2018,2,3
3707,2018,10,3
3707,2019,11,3
3708,2016,2,3
3708,2017,1,3
3708,2017,2,3
3708,2017,3,3
3708,2017,12,3
3708,2018,1,3
3708,2018,12,3
3708,2019,12,3
3709,2016,2,3
3709,2017,2,3
3709,2018,11,3
3709,2019,10,4
3710,2016,2,4
3710,2016,3,3
3710,2016,6,5
3710,2017,9,3
3710,2017,12,6
3710,2018,1,6
3710,2018,2,6
3710,2018,3,6
3710,2019,1,4
3710,2019,2,3
3710,2019,3,4
3710,2019,4,3
3710,2019,9,3
3711,2016,1,4
3711,2016,2,5
3711,2016,11,3
3711,2016,12,3
3711,2017,1,3
3711,2017,3,3
3711,2017,4,5
3711,2017,5,7
3711,2017,7,3
3711,2017,11,5
3711,2018,3,5
3711,2018,7,4
3711,2018,8,3
3711,2019,3,4
3711,2019,6,3
3711,2019,7,3
3711,2019,11,3
3712,2016,9,3
3712,2016,11,6
3712,2016,12,3
3712,2017,3,4
3712,2017,4,8
3712,2017,6,3
3712,2017,9,3
3712,2017,10,3
3712,2017,12,3
3712,2018,1,8
3712,2018,2,3
3712,2018,3,4
3712,2018,4,8
3712,2018,6,3
3712,2018,7,6
3712,2018,8,3
3712,2018,9,6
3712,2018,11,4
3712,2018,12,5
3712,2019,1,3
3712,2019,2,3
3712,2019,3,4
3712,2019,4,7
3712,2019,7,3
3712,2019,10,6
3712,2019,11,4
3712,2019,12,7
3713,2016,1,3
3713,2016,2,7
3713,2016,3,8
3713,2017,2,6
3713,2017,3,6
3713,2017,4,3
3713,2017,5,3
3713,2017,7,3
3713,2017,8,3
3713,2017,10,3
3713,2017,12,4
3713,2018,1,8
3713,2018,2,3
3713,2018,3,3
3713,2018,8,4
3713,2018,9,3
3713,2018,11,3
3713,2018,12,3
3713,2019,1,5
3713,2019,3,3
3713,2019,10,4
3713,2019,11,5
3714,2017,3,3
3714,2018,1,3
3714,2018,2,3
3715,2016,2,3
3715,2016,3,5
3715,2016,4,3
3715,2016,12,6
3715,2017,2,5
3715,2017,3,3
3715,2017,8,3
3715,2017,10,3
3715,2018,3,4
3715,2018,4,3
3715,2018,11,3
3715,2019,10,3
3715,2019,11,3
3715,2019,12,3
3716,2016,1,3
3716,2016,2,5
3716,2016,4,3
3716,2016,7,3
3716,2016,12,4
3716,2017,1,5
3716,2017,2,3
3716,2017,3,7
3716,2017,4,3
3716,2017,7,3
3716,2017,11,3
3716,2017,12,4
3716,2018,1,3
3716,2018,2,5
3716,2018,4,3
3716,2018,11,3
3716,2019,1,4
3716,2019,2,3
3717,2016,2,4
3717,2016,3,7
3717,2016,4,4
3717,2017,10,3
3717,2019,1,4
3718,2016,1,4
3718,2016,2,5
3718,2016,3,3
3718,2016,4,3
3718,2016,8,3
3718,2017,1,4
3718,2017,3,3
3718,2018,1,4
3718,2018,3,7
3718,2019,11,3
3718,2019,12,4
3719,2016,1,4
3719,2016,12,3
3721,2016,2,3
3721,2017,1,4
3722,2016,2,4
3722,2017,9,3
3722,2019,2,3
3723,2018,5,3
3723,2019,10,3
3724,2017,12,3
3726,2016,3,4
3726,2017,3,3
3726,2018,3,3
3726,2019,10,3
3801,2016,1,11
3801,2016,2,21
3801,2016,3,18
3801,2016,4,9
3801,2016,5,15
3801,2016,6,8
3801,2016,7,3
3801,2016,8,8
3801,2016,9,3
3801,2016,10,8
3801,2016,11,8
3801,2016,12,9
3801,2017,1,16
3801,2017,2,19
3801,2017,3,10
3801,2017,4,17
3801,2017,5,9
3801,2017,6,10
3801,2017,7,6
3801,2017,8,5
3801,2017,9,11
3801,2017,10,8
3801,2017,11,10
3801,2017,12,13
3801,2018,1,21
3801,2018,2,17
3801,2018,3,19
3801,2018,4,9
3801,2018,5,7
3801,2018,6,4
3801,2018,7,6
3801,2018,8,7
3801,2018,9,3
3801,2018,10,16
3801,2018,11,4
3801,2018,12,9
3801,2019,1,17
3801,2019,2,11
3801,2019,3,7
3801,2019,4,6
3801,2019,5,14
3801,2019,6,7
3801,2019,7,10
3801,2019,8,6
3801,2019,9,10
3801,2019,10,8
3801,2019,11,12
3801,2019,12,21
3802,2016,1,6
3802,2016,2,4
3802,2016,3,8
3802,2016,5,3
3802,2016,11,6
3802,2016,12,4
3802,2017,1,3
3802,2017,3,4
3802,2017,4,3
3802,2017,6,4
3802,2017,7,7
3802,2017,12,8
3802,2018,1,9
3802,2018,2,3
3802,2018,3,6
3802,2018,4,3
3802,2018,7,3
3802,2018,8,3
3802,2018,12,3
3802,2019,1,9
3802,2019,2,4
3802,2019,3,3
3802,2019,5,6
3802,2019,12,7
3803,2016,1,10
3803,2016,2,10
3803,2016,3,11
3803,2016,4,10
3803,2016,5,4
3803,2016,10,3
3803,2016,11,4
3803,2016,12,8
3803,2017,1,9
3803,2017,2,9
3803,2017,3,11
3803,2017,4,11
3803,2017,5,6
3803,2017,6,3
3803,2017,7,3
3803,2017,8,4
3803,2017,9,6
3803,2017,10,7
3803,2017,11,7
3803,2017,12,9
3803,2018,1,17
3803,2018,2,13
3803,2018,3,13
3803,2018,4,11
3803,2018,5,5
3803,2018,6,7
3803,2018,7,6
3803,2018,9,5
3803,2018,10,4
3803,2018,11,4
3803,2018,12,4
3803,2019,1,16
3803,2019,2,6
3803,2019,4,9
3803,2019,6,7
3803,2019,7,3
3803,2019,8,3
3803,2019,10,3
3803,2019,12,7
3804,2016,2,4
3804,2016,3,6
3804,2016,12,3
3804,2017,2,3
3804,2017,3,6
3804,2018,2,3
3804,2018,3,3
3804,2018,4,3
3804,2019,7,3
3804,2019,11,5
3806,2016,3,5
3806,2018,3,3
3806,2018,10,3
3806,2019,9,3
3807,2017,4,4
3809,2016,1,3
3809,2017,1,5
3810,2017,2,4
3810,2019,4,4
3812,2016,5,3
3812,2017,1,3
3813,2019,1,3
3901,2016,1,18
3901,2016,2,22
3901,2016,3,28
3901,2016,4,10
3901,2016,5,15
3901,2016,6,3
3901,2016,7,8
3901,2016,8,9
3901,2016,9,11
3901,2016,10,4
3901,2016,11,12
3901,2016,12,18
3901,2017,1,20
3901,2017,2,22
3901,2017,3,16
3901,2017,4,14
3901,2017,5,9
3901,2017,6,7
3901,2017,7,9
3901,2017,8,9
3901,2017,9,14
3901,2017,10,12
3901,2017,11,9
3901,2017,12,24
3901,2018,1,26
3901,2018,2,19
3901,2018,3,26
3901,2018,4,19
3901,2018,5,11
3901,2018,6,10
3901,2018,7,12
3901,2018,8,10
3901,2018,9,7
3901,2018,10,10
3901,2018,11,7
3901,2018,12,17
3901,2019,1,20
3901,2019,2,13
3901,2019,3,16
3901,2019,4,13
3901,2019,5,5
3901,2019,6,5
3901,2019,7,9
3901,2019,8,8
3901,2019,9,7
3901,2019,10,13
3901,2019,11,17
3901,2019,12,21
3902,2018,2,3
3902,2018,3,9
3902,2019,8,6
3903,2016,1,4
3903,2016,2,3
3903,2016,3,3
3903,2016,5,3
3903,2016,7,3
3903,2016,12,3
3903,2017,1,8
3903,2017,3,4
3903,2017,5,3
3903,2017,6,4
3903,2017,12,3
3903,2018,2,3
3903,2018,3,3
3903,2018,4,3
3903,2018,12,3
3903,2019,4,4
3903,2019,7,3
3904,2016,3,6
3904,2017,8,3
3904,2017,10,3
3904,2017,12,3
3904,2019,2,4
3905,2016,10,3
3905,2017,3,3
3905,2017,9,3
3905,2019,3,3
3905,2019,4,3
3906,2017,7,3
3906,2017,12,3
3906,2018,2,5
3906,2018,3,3
3906,2018,11,3
3906,2019,2,4
3907,2016,3,3
3907,2016,12,3
3908,2017,12,3
3908,2018,7,3
3909,2016,3,3
3909,2019,2,4
3911,2016,2,3
3911,2017,1,3
3912,2018,1,3
3912,2018,3,4
3912,2018,4,3
3913,2016,5,3
3913,2017,2,5
3913,2017,3,4
3913,2017,7,3
3913,2017,9,3
3913,2017,12,4
3913,2018,1,6
3913,2018,3,4
3913,2018,6,3
3913,2018,10,3
3913,2019,1,3
3913,2019,2,3
3913,2019,12,6
3916,2018,3,5
3917,2018,7,3
3917,2019,9,3
3918,2016,2,7
3918,2016,3,10
3918,2016,4,3
3918,2016,6,3
3918,2016,8,3
3918,2017,1,6
3918,2017,2,10
3918,2017,4,4
3918,2017,7,3
3918,2017,12,4
3918,2018,1,6
3918,2018,2,7
3918,2018,3,9
3918,2018,4,6
3918,2018,5,3
3918,2018,7,3
3918,2018,9,3
3918,2018,10,6
3918,2018,12,7
3918,2019,1,4
3918,2019,2,6
3918,2019,3,8
3918,2019,4,3
3918,2019,5,4
3918,2019,8,3
3919,2017,1,3
3919,2019,4,3
3920,2017,12,3
3920,2018,5,3
3920,2019,10,3
4001,2016,1,3
4001,2016,2,6
4001,2016,3,3
4001,2016,5,3
4001,2016,8,4
4001,2017,1,3
4001,2017,2,4
4001,2017,3,8
4001,2017,4,4
4001,2017,5,3
4001,2017,6,3
4001,2017,7,3
4001,2017,11,4
4001,2018,1,4
4001,2018,2,3
4001,2018,4,3
4001,2018,5,5
4001,2018,8,8
4001,2018,10,8
4001,2019,3,4
4001,2019,5,4
4002,2016,5,3
4002,2016,7,3
4002,2016,12,3
4002,2017,1,3
4002,2017,2,10
4002,2017,3,3
4002,2017,4,3
4002,2017,12,3
4002,2018,1,4
4002,2018,2,4
4002,2018,3,3
4002,2018,7,3
4002,2019,3,4
4002,2019,11,6
4002,2019,12,4
4003,2016,2,3
4003,2016,12,3
4003,2017,2,9
4003,2017,3,7
4003,2017,4,3
4003,2018,1,3
4004,2016,1,7
4004,2016,2,4
4004,2016,3,5
4004,2016,4,3
4004,2016,9,3
4004,2016,12,3
4004,2017,1,3
4004,2017,2,3
4004,2017,3,9
4004,2017,7,4
4004,2017,11,8
4004,2017,12,13
4004,2018,1,3
4004,2018,2,8
4004,2018,3,7
4004,2018,4,3
4004,2018,12,5
4004,2019,1,7
4004,2019,3,4
4004,2019,4,3
4004,2019,12,7
4006,2016,1,3
4006,2016,12,3
4006,2017,1,5
4006,2017,2,5
4006,2017,3,3
4006,2017,10,3
4006,2018,2,3
4006,2018,4,3
4006,2019,1,7
4006,2019,2,4
4006,2019,3,3
4009,2016,6,3
4009,2018,4,3
4011,2017,3,3
4012,2016,2,4
4012,2016,5,4
4012,2016,6,3
4012,2016,12,3
4012,2017,7,3
4012,2018,2,3
4012,2018,3,8
4012,2018,5,4
4012,2018,11,3
4012,2019,1,3
4013,2016,4,3
4013,2016,12,4
4013,2017,3,3
4013,2018,3,7
4013,2018,4,3
4013,2018,10,5
4013,2018,11,3
4014,2016,12,3
4014,2017,2,5
4014,2017,5,3
4014,2017,7,3
4014,2018,2,4
4015,2019,1,3
4016,2017,11,3
4301,2016,1,16
4301,2016,2,19
4301,2016,3,26
4301,2016,4,14
4301,2016,5,11
4301,2016,6,12
4301,2016,7,10
4301,2016,8,9
4301,2016,9,9
4301,2016,10,6
4301,2016,11,8
4301,2016,12,12
4301,2017,1,10
4301,2017,2,27
4301,2017,3,21
4301,2017,4,16
4301,2017,5,11
4301,2017,6,8
4301,2017,7,13
4301,2017,8,13
4301,2017,9,16
4301,2017,10,8
4301,2017,11,13
4301,2017,12,17
4301,2018,1,20
4301,2018,2,23
4301,2018,3,30
4301,2018,4,9
4301,2018,5,8
4301,2018,6,7
4301,2018,7,3
4301,2018,8,5
4301,2018,9,6
4301,2018,10,12
4301,2018,11,13
4301,2018,12,15
4301,2019,1,25
4301,2019,2,14
4301,2019,3,6
4301,2019,4,9
4301,2019,5,13
4301,2019,6,14
4301,2019,7,4
4301,2019,8,7
4301,2019,9,8
4301,2019,10,14
4301,2019,11,15
4301,2019,12,16
4303,2016,4,3
4303,2017,2,7
4303,2017,4,3
4303,2017,6,5
4303,2017,8,4
4303,2017,12,3
4303,2018,1,6
4303,2018,3,4
4303,2018,5,3
4303,2018,9,4
4303,2019,1,7
4303,2019,2,4
4303,2019,3,3
4303,2019,12,4
4305,2016,8,3
4305,2018,9,3
4306,2016,1,4
4306,2019,1,3
4309,2018,1,3
4310,2017,3,3
4310,2017,4,3
4310,2018,1,3
4310,2018,4,3
4310,2018,7,3
4310,2019,1,3
4311,2017,2,3
4313,2016,2,4
4313,2016,3,3
4313,2016,5,4
4313,2016,7,3
4313,2017,1,10
4313,2017,2,8
4313,2017,8,3
4313,2018,1,7
4313,2018,3,3
4313,2018,10,3
4313,2019,3,6
4313,2019,4,3
4313,2019,5,3
4313,2019,6,3
4313,2019,12,3
4314,2017,2,3
4314,2018,3,3
4316,2018,7,3
4316,2018,8,4
4501,2016,1,11
4501,2016,2,14
4501,2016,3,21
4501,2016,4,4
4501,2016,5,5
4501,2016,6,10
4501,2016,7,8
4501,2016,8,9
4501,2016,9,3
4501,2016,10,4
4501,2016,11,10
4501,2016,12,13
4501,2017,1,11
4501,2017,2,12
4501,2017,3,11
4501,2017,4,5
4501,2017,5,3
4501,2017,6,12
4501,2017,7,9
4501,2017,8,10
4501,2017,9,9
4501,2017,10,10
4501,2017,11,9
4501,2017,12,13
4501,2018,1,23
4501,2018,2,15
4501,2018,3,20
4501,2018,4,8
4501,2018,5,9
4501,2018,6,6
4501,2018,7,6
4501,2018,8,10
4501,2018,9,11
4501,2018,10,7
4501,2018,11,5
4501,2018,12,12
4501,2019,1,12
4501,2019,2,3
4501,2019,3,7
4501,2019,4,8
4501,2019,5,6
4501,2019,7,7
4501,2019,8,8
4501,2019,9,3
4501,2019,10,11
4501,2019,11,8
4501,2019,12,13
4503,2016,3,3
4503,2017,11,3
4504,2018,3,4
4505,2016,2,6
4505,2016,3,4
4505,2016,10,3
4505,2016,11,3
4505,2017,1,3
4505,2017,2,5
4505,2017,4,7
4505,2017,12,4
4505,2018,2,5
4505,2018,3,6
4505,2018,4,3
4505,2019,3,3
4505,2019,7,3
4505,2019,12,5
4601,2016,1,3
4601,2016,2,12
4601,2016,3,4
4601,2016,4,3
4601,2016,5,3
4601,2016,6,6
4601,2016,9,3
4601,2016,12,3
4601,2017,1,7
4601,2017,2,9
4601,2017,3,4
4601,2017,6,3
4601,2017,7,4
4601,2017,8,6
4601,2017,11,4
4601,2017,12,8
4601,2018,1,12
4601,2018,2,5
4601,2018,3,4
4601,2018,4,7
4601,2018,6,3
4601,2018,7,4
4601,2018,8,3
4601,2018,9,7
4601,2018,10,3
4601,2018,12,8
4601,2019,1,3
4601,2019,3,4
4601,2019,5,3
4601,2019,6,4
4601,2019,7,3
4601,2019,8,3
4601,2019,11,3
4601,2019,12,7
4609,2017,3,3
